End date,Amazon,China,China (smuggled),CoreWeave,Google,Meta,Microsoft,Oracle,Other,xAI,incomplete
2022-03-31,5639.0,9414.0,0.0,0.0,5700.0,7759.0,14769.0,1606.0,17812.0,0.0,False
2022-06-30,11699.0,19474.0,0.0,0.0,11735.0,16161.0,30865.0,3381.0,36718.0,0.0,False
2022-09-30,18041.0,22922.0,0.0,0.0,18074.0,24766.0,47526.0,5223.0,65544.0,0.0,False
2022-12-31,24716.0,31906.0,0.0,0.0,24738.0,33959.0,64868.0,7841.0,90033.0,0.0,False
2023-03-31,32566.0,48731.0,0.0,4611.0,71487.0,44785.0,85346.0,11350.0,110437.0,0.0,False
2023-06-30,50599.0,89153.0,0.0,12112.0,122611.0,69484.0,132543.0,19084.0,156986.0,0.0,False
2023-09-30,79486.0,154710.0,0.0,24312.0,203341.0,108866.0,208155.0,31633.0,232789.0,0.0,False
2023-12-31,117030.0,177662.0,0.0,44157.0,326163.0,161382.0,307857.0,54642.0,387854.0,0.0,False
2024-03-31,201762.0,243981.0,27761.0,71468.0,499663.0,250784.0,453294.0,92966.0,579557.0,0.0,False
2024-06-30,310073.0,322884.0,63970.0,111466.0,707116.0,378894.0,644141.0,145496.0,796480.0,0.0,False
2024-09-30,463124.0,409521.0,106643.0,166849.0,970837.0,533329.0,874391.0,209107.0,1093603.0,100000.0,False
2024-12-31,764967.0,508837.0,158675.0,241168.0,1385823.0,774426.0,1236836.0,311359.0,1307846.0,100000.0,False
2025-03-31,1122606.0,699761.0,246884.0,290713.0,2011625.0,1099107.0,1697770.0,479701.0,1569872.0,200000.0,False
2025-06-30,1515104.0,862279.0,411461.0,341580.0,2830839.0,1416085.0,2174537.0,666059.0,1945947.0,200000.0,False
2025-09-30,1961778.0,1004349.0,547010.0,468554.0,3847538.0,1829789.0,2756961.0,894404.0,2571517.0,553714.0,False
2025-12-31,2448673.0,1155114.0,662048.0,832068.0,5049814.0,2302175.0,3416016.0,1144180.0,3362580.0,553714.0,False
2026-03-31,1499427.0,401698.0,0.0,0.0,5472735.0,1950294.0,3323440.0,1094216.0,3338748.0,0.0,True
