End date,total_mln_incl_smuggled,total_mln_excl_smuggled,top5_mln,top5_share_excl_smuggled_pct,top5_share_incl_smuggled_pct,china_legal_share_incl_pct,china_smuggled_share_incl_pct,china_legal_share_excl_pct,incomplete,Amazon_share_incl_pct,Amazon_share_excl_pct,Google_share_incl_pct,Google_share_excl_pct,Meta_share_incl_pct,Meta_share_excl_pct,Microsoft_share_incl_pct,Microsoft_share_excl_pct,Oracle_share_incl_pct,Oracle_share_excl_pct,CoreWeave_share_incl_pct,CoreWeave_share_excl_pct,xAI_share_incl_pct,xAI_share_excl_pct,Other_share_incl_pct,Other_share_excl_pct
2022-03-31,0.062699,0.062699,0.035473,56.576659914831176,56.576659914831176,15.01459353418715,0.0,15.01459353418715,False,8.99376385588287,8.99376385588287,9.09105408379719,9.09105408379719,12.374998006347788,12.374998006347788,23.555399607649242,23.555399607649242,2.561444361154085,2.561444361154085,0.0,0.0,0.0,0.0,28.40874655098167,28.40874655098167
2022-06-30,0.130033,0.130033,0.073841,56.7863542331562,56.7863542331562,14.976198349649705,0.0,14.976198349649705,False,8.996946928856522,8.996946928856522,9.024632208747011,9.024632208747011,12.42838356417217,12.42838356417217,23.736282328332038,23.736282328332038,2.600109203048457,2.600109203048457,0.0,0.0,0.0,0.0,28.237447417194094,28.237447417194094
2022-09-30,0.202096,0.202096,0.11363,56.22575409706278,56.22575409706278,11.342134431161428,0.0,11.342134431161428,False,8.926945610007126,8.926945610007126,8.943274483413823,8.943274483413823,12.254572084553875,12.254572084553875,23.516546591718786,23.516546591718786,2.584415327369171,2.584415327369171,0.0,0.0,0.0,0.0,32.43211147177579,32.43211147177579
2022-12-31,0.278061,0.278061,0.156122,56.146672852359735,56.146672852359735,11.474460639931525,0.0,11.474460639931525,False,8.888697084452692,8.888697084452692,8.896609017445813,8.896609017445813,12.21278784151679,12.21278784151679,23.328694063532822,23.328694063532822,2.8198848454116185,2.8198848454116185,0.0,0.0,0.0,0.0,32.37886650770874,32.37886650770874
2023-03-31,0.409313,0.409313,0.245534,59.986856024607086,59.986856024607086,11.905558826619238,0.0,11.905558826619238,False,7.956258413487967,7.956258413487967,17.46511838128767,17.46511838128767,10.941504423265325,10.941504423265325,20.85103575991967,20.85103575991967,2.772939046646454,2.772939046646454,1.1265217571882642,1.1265217571882642,0.0,0.0,26.981063391585415,26.981063391585415
2023-06-30,0.652572,0.652572,0.394321,60.42566950466769,60.42566950466769,13.661787511569603,0.0,13.661787511569603,False,7.753780425761449,7.753780425761449,18.788884598174608,18.788884598174608,10.647713968726823,10.647713968726823,20.310862249682792,20.310862249682792,2.924428262322012,2.924428262322012,1.8560404062693463,1.8560404062693463,0.0,0.0,24.056502577493365,24.056502577493365
2023-09-30,1.043292,1.043292,0.631481,60.52773336707269,60.52773336707269,14.829021980423507,0.0,14.829021980423507,False,7.618768283471933,7.618768283471933,19.49032485632019,19.49032485632019,10.434854288157103,10.434854288157103,19.95174888717636,19.95174888717636,3.032037051947106,3.032037051947106,2.33031596139911,2.33031596139911,0.0,0.0,22.312928691104695,22.312928691104695
2023-12-31,1.576747,1.576747,0.967074,61.33349231043408,61.33349231043408,11.267628858656462,0.0,11.267628858656462,False,7.422243390981559,7.422243390981559,20.68581706513474,20.68581706513474,10.235123326697309,10.235123326697309,19.52481913712219,19.52481913712219,3.465489390498285,3.465489390498285,2.800512701149899,2.800512701149899,0.0,0.0,24.59836612975956,24.59836612975956
2024-03-31,2.421236,2.393475,1.498469,62.60641953644806,61.888597394058245,10.076712885484934,1.14656316030325,10.193588819603297,False,8.33301669064891,8.429668160310845,20.636691342768735,20.876048423317563,10.357685083155877,10.477819906203324,18.721595086146085,18.938739698555448,3.8396091913386385,3.8841433480608734,2.951715570064215,2.985951388671283,0.0,0.0,23.93641099008936,24.214040255277368
2024-06-30,3.48052,3.41655,2.18572,63.97447717726947,62.798662268856376,9.276889660165724,1.8379437555307825,9.450586117574748,False,8.908812476296646,9.075617216197626,20.31638950501649,20.69678476826038,10.886131957293738,11.089959169337488,18.507033431786056,18.85355109686672,4.180294898463448,4.25856492660725,3.2025674324526223,3.262530915689804,0.0,0.0,22.883936882994497,23.31240578946598
2024-09-30,4.927404,4.820761,3.050788,63.28436526930085,61.914712087744384,8.311090383496056,2.1642836674240633,8.494945092693872,False,9.398945164634359,9.60686497422295,19.70280902479277,20.138666903420436,10.82373192861799,11.063170316885653,17.74547002843688,18.138028415015803,4.243755941262377,4.337634659756001,3.386144103467059,3.461051066418767,2.0294662260289598,2.07436128860153,22.194303531839484,22.685277282984988
2024-12-31,6.789937,6.631262,4.473411,67.45942175109353,65.88295296407021,7.493987057611874,2.3369141716631536,7.673305624178324,False,11.266187005858818,11.535768003134244,20.409953730056703,20.898329759855667,11.405496104013926,11.678410534827307,18.215721294615843,18.651593015024893,4.585594829524927,4.695320438251422,3.551844442739307,3.6368341350409623,1.4727677149287248,1.5080085811720303,19.261533648986727,19.722429908515153
2025-03-31,9.418039,9.171155,6.410809,69.90187168355567,68.0694675398987,7.430007456966361,2.621394963431347,7.630020428179439,False,11.919742528142004,12.240617457670272,21.359276596752256,21.9342601886022,11.670231987784293,11.984390188585843,18.026788803911302,18.51206309347078,5.093427623308844,5.230540755226578,3.08676785050476,3.1698624655236993,2.1235843257816196,2.1807504071188415,16.668777863417215,17.11749501562235
2025-06-30,12.363891,11.95243,8.602624,71.9738496690631,69.57861404633864,6.974171804005714,3.3279248417832217,7.214256849862329,False,12.254265263257336,12.67611690677126,22.89602035475725,23.684213168368274,11.453392787108847,11.847674489622612,17.58780468058154,18.193262792586946,5.387130960633671,5.57258231171402,2.762722511869443,2.8578289101044723,1.6176137431169524,1.6732999063788703,15.738953052886021,16.280764664591217
2025-09-30,16.435614,15.888604,11.29047,71.06017621183082,68.69515188176115,6.110809124624124,3.328199360242946,6.321190961773608,False,11.936140627298743,12.34707592938939,23.409761265992255,24.215708315217626,11.133073580335969,11.516361034613237,16.77431095668224,17.35181391643973,5.44186545145195,5.629217016170835,2.8508457304971997,2.9489941344123123,3.3689888312052108,3.4849757725725934,15.646005071669364,16.184662919410666
2025-12-31,20.926382,20.264334,14.360858,70.86765348419544,68.62561335256137,5.519893500940583,3.163700251672745,5.7002317470685195,False,11.70136815814602,12.083658905345718,24.131328578442275,24.91971362098552,11.001304477764002,11.360723722773223,16.323968471950863,16.85728235628173,5.467643666258219,5.646274878809241,3.9761674999529304,4.1060712876130046,2.6460092337031793,2.7324559494528664,16.06861616116919,16.593587531670178
2026-03-31,17.080558,17.080558,13.340112,78.10114868612607,78.10114868612607,2.3517849943778186,0.0,2.3517849943778186,True,8.778559810516729,8.778559810516729,32.0407272408782,32.0407272408782,11.418210107655733,11.418210107655733,19.45744395469984,19.45744395469984,6.406207572375563,6.406207572375563,0.0,0.0,0.0,0.0,19.54706631949612,19.54706631949612
