block,metric,value,unit,formula
08/07,мощность объектов сегодня → мир (центр),39.24295030545454,ГВт,17.267/0.44
08/07,мощность объектов сегодня → мир (90% ДИ),21.3-75.1,ГВт,17.267/0.81 … 17.267/0.23
08/07,IT-мощность сегодня → мир (центр),30.682295013636367,ГВт,13.500/0.44
08/07,IT-мощность сегодня → мир (90% ДИ),16.7-58.7,ГВт,13.500/0.81 … 13.500/0.23
08/07,H100e сегодня → мир (центр),31.858188945030125,млн H100e,14.018/0.44
08/07,H100e сегодня → мир (90% ДИ),17.3-60.9,млн H100e,14.018/0.81 … 14.018/0.23
08/07,мощность объектов план 31.12.2028 → мир (центр),109.94442802181818,ГВт,48.376/0.44
08/07,мощность объектов план 31.12.2028 → мир (90% ДИ),59.7-210.3,ГВт,48.376/0.81 … 48.376/0.23
08/07,IT-мощность план 31.12.2028 → мир (центр),84.10598039545455,ГВт,37.007/0.44
08/07,IT-мощность план 31.12.2028 → мир (90% ДИ),45.7-160.9,ГВт,37.007/0.81 … 37.007/0.23
08/07,H100e план 31.12.2028 → мир (центр),149.37168488199168,млн H100e,65.724/0.44
08/07,H100e план 31.12.2028 → мир (90% ДИ),81.1-285.8,млн H100e,65.724/0.81 … 65.724/0.23
08,мир 4К2025: TDP ускорителей (Chip Owners),13.3591,ГВт,"сумма Power in MW (median), 4К2025"
08,"мир 4К2025: мощность объектов = TDP × 2,5",33.39775,ГВт,13.36×2.5
08,"хаб 31.12.2025, мощность объектов",8.2841,ГВт,правило «на дату»
08,охват хаба по мощности на конец 2025,24.80436556354844,%,8.28/33.40
08,IEA 465 ТВт·ч (2030) → средняя нагрузка,53.082191780821915,ГВт,465 000 ГВт·ч / 8760 ч
08,IEA 465 ТВт·ч → мощность при загрузке 60–80%,66.4-88.5,ГВт,"53,1/0,8 … 53,1/0,6"
08,план хаба 2028: годовое потребление при загрузке 60–80%,254-339,ТВт·ч/год,"48.4 ГВт × 0,6…0,8 × 8760 ч"
08,"план хаба 2028 → мир (÷0,44): годовое потребление при загрузке 60–80%",578-770,ТВт·ч/год,"109.9 ГВт × 0,6…0,8 × 8760 ч"
00,"17,3 ГВт × 8760 ч (загрузка 100%)",151.25802765734397,ТВт·ч/год,17.267×8760/1000
00,"домохозяйств США, загрузка 100%, EIA 2024 (10 359 кВт·ч)",14.60118194791736,млн,ТВт·ч×1e9 / 10359
00,"домохозяйств США, загрузка 100%, EIA 2022 (10 791 кВт·ч)",14.01705380941006,млн,ТВт·ч×1e9 / 10791
00,"домохозяйств США, загрузка 60–80%, EIA 2024",8.8-11.7,млн,"×0,6…0,8"
00,"только площадки в США (загрузка 100%), EIA 2024",12.827840193962752,млн,15.17 ГВт×8760
00,доля от всех бытовых потребителей США (загрузка 100%),10.200331887681893,%,/143 144 185
