date,sites_total,sites_operating,facility_gw,it_gw,h100e_mln,implied_pue,us_facility_gw,dots_100mw_floor,dots_remainder_mw,tag
2023-03-31,93,2,0.152,0.127,0.02930773117736231,1.1968503937007875,0.152,0,152.0,оценка Epoch
2023-06-30,93,3,0.262,0.214,0.09115715007579588,1.2242990654205608,0.262,1,162.0,оценка Epoch
2023-09-30,93,5,0.43,0.34,0.15733670808489136,1.2647058823529411,0.43,2,230.0,оценка Epoch
2023-12-31,93,5,0.43,0.34,0.15733670808489136,1.2647058823529411,0.43,2,230.0,оценка Epoch
2024-03-31,93,8,0.603,0.473,0.24066161965639213,1.2748414376321353,0.603,2,403.0,оценка Epoch
2024-06-30,93,13,1.105,0.874,0.46444605624052543,1.2643020594965675,1.105,4,705.0,оценка Epoch
2024-09-30,93,16,1.657,1.32,0.7220003766043456,1.2553030303030304,1.657,8,857.0,оценка Epoch
2024-12-31,93,21,2.4,1.901,1.1253971081354217,1.262493424513414,2.282,13,1100.0,оценка Epoch
2025-03-31,93,25,3.246,2.5743297099999998,1.4736649201616978,1.2609107479088217,2.991,20,1246.0,оценка Epoch
2025-06-30,93,30,4.6275,3.7054297099999998,2.478917409336309,1.2488430120564884,4.288,32,1427.5,оценка Epoch
2025-09-30,93,38,5.5671,4.42632971,3.4459159439497498,1.257723749639066,4.865,37,1867.1,оценка Epoch
2025-12-31,93,45,8.2841,6.53132971,5.735148177783577,1.2683634677508877,7.329,60,2284.1,оценка Epoch
2026-03-31,93,52,10.2890767898,8.109127417,7.337284539077158,1.2688266271695208,8.7672,78,2489.0767898000004,оценка Epoch
2026-06-30,93,67,15.440587939199999,12.068288238000001,12.021142748981152,1.2794347992602195,13.6208,118,3640.5879391999997,оценка Epoch
2026-09-30,93,73,17.2998981344,13.526209806,14.046828451600101,1.27899081727433,15.2028,135,3799.8981344000003,план/прогноз Epoch
2026-12-31,93,82,21.389948329600003,16.608531374,18.95168547087667,1.287889208740342,18.179299999999998,173,4089.9483296,план/прогноз Epoch
2027-03-31,93,84,24.434448329600002,18.867531374,22.398106891003305,1.295052746713403,21.2238,203,4134.4483296,план/прогноз Epoch
2027-06-30,93,86,25.6314483296,19.752531373999997,23.847688801058894,1.2976285339983484,22.3868,213,4331.4483296,план/прогноз Epoch
2027-09-30,93,88,27.9678483296,21.610531373999997,27.17431588544495,1.2941767995232452,23.9372,235,4467.8483295999995,план/прогноз Epoch
2027-12-31,93,88,31.2849483296,24.099531373999998,34.10554949625317,1.298155878804849,27.0413,268,4484.9483296,план/прогноз Epoch
2028-03-31,93,89,38.0305483296,29.297631374,44.088120428419934,1.298075869824411,32.4643,336,4430.5483296,план/прогноз Epoch
2028-06-30,93,89,40.492548329600005,31.300631374,49.78162472351847,1.2936655444987384,34.8933,361,4392.5483296,план/прогноз Epoch
2028-09-30,93,89,41.4545483296,32.089631374,50.943349331906546,1.2918362272988821,35.8553,371,4354.5483296,план/прогноз Epoch
2028-12-31,93,93,48.3755483296,37.006631374,65.72354134807634,1.3072129651764937,42.776300000000006,439,4475.5483296,план/прогноз Epoch
2029-03-31,93,93,48.575548329600004,37.138631374000006,65.88309311631319,1.3079520308765806,42.9763,441,4475.5483296,план/прогноз Epoch
2029-06-30,93,93,48.575548329600004,37.138631374000006,65.88309311631319,1.3079520308765806,42.9763,441,4475.5483296,план/прогноз Epoch
2029-09-30,93,93,48.575548329600004,37.138631374000006,65.88309311631319,1.3079520308765806,42.9763,441,4475.5483296,план/прогноз Epoch
2029-12-31,93,93,48.575548329600004,37.138631374000006,65.88309311631319,1.3079520308765806,42.9763,441,4475.5483296,план/прогноз Epoch
