date,sites_total,sites_operating,facility_gw,it_gw,h100e_mln,implied_pue,us_facility_gw,dots_100mw_floor,dots_remainder_mw
2024-03-31,93,8,0.603,0.473,0.24066161965639213,1.2748414376321353,0.603,2,403.0
2024-12-31,93,21,2.4,1.901,1.1253971081354217,1.262493424513414,2.282,13,1100.0
2025-12-31,93,45,8.2841,6.53132971,5.735148177783577,1.2683634677508877,7.329,60,2284.1
2026-06-30,93,67,15.440587939199999,12.068288238000001,12.021142748981152,1.2794347992602195,13.6208,118,3640.5879391999997
2026-09-24,93,73,17.266898134399998,13.500209806,14.017603135813255,1.2790096141117704,15.169799999999999,134,3866.8981344
2026-09-27,93,73,17.266898134399998,13.500209806,14.017603135813255,1.2790096141117704,15.169799999999999,134,3866.8981344
2026-12-31,93,82,21.389948329600003,16.608531374,18.95168547087667,1.287889208740342,18.179299999999998,173,4089.9483296
2027-12-31,93,88,31.2849483296,24.099531373999998,34.10554949625317,1.298155878804849,27.0413,268,4484.9483296
2028-12-31,93,93,48.3755483296,37.006631374,65.72354134807634,1.3072129651764937,42.776300000000006,439,4475.5483296
2030-01-01,93,93,48.7655483296,37.294631374000005,65.99714061504993,1.3075755553277022,43.1663,443,4465.5483296
