Country,date,sites,it_mw,facility_mw,h100e,kw_it_per_h100e,kw_facility_per_h100e,mln_h100e_per_gw_it,mln_h100e_per_gw_facility,share_of_hub_h100e_pct
ВСЕГО (хаб),2025-12-31,45.0,6531.32971,8284.1,5735148.177783577,1.1388249278895037,1.4444439346990856,0.8780980952473729,0.6923079366236015,100.0
United States,2025-12-31,36.0,5741.32971,7329.0,5209482.5405930765,1.1020921301228461,1.4068575799786875,0.9073651582000987,0.7108040033555842,90.83431463502917
China,2025-12-31,4.0,537.0,620.1,250984.4365841334,2.139574896788432,2.470671123833346,0.46738256347138435,0.40474832540579486,4.376250252022775
United Kingdom,2025-12-31,1.0,88.0,124.0,123799.898938858,0.7108244897959185,1.0016163265306124,1.4068170333961136,0.9983862817649838,2.1586172684853295
Norway,2025-12-31,1.0,42.0,50.0,50773.11773623042,0.8272093949044586,0.9847730891719745,1.208883755624534,1.0154623547246084,0.8852974005608406
Indonesia,2025-12-31,1.0,33.0,43.0,40424.4567963618,0.8163374999999999,1.0637124999999998,1.224983539283691,0.9401036464270187,0.7048546182809241
Malaysia,2025-12-31,1.0,50.0,70.0,34399.727134916626,1.4534999014352263,2.034899862009317,0.6879945426983326,0.4914246733559518,0.5998053767498446
Finland,2025-12-31,1.0,40.0,48.0,25284.0,1.5820281601012498,1.8984337921214998,0.6321,0.52675,0.44086044887111064
ВСЕГО (хаб),2026-09-27,73.0,13500.209806,17266.8981344,14017603.135813257,0.963089743317716,1.231801040955796,1.038324836224642,0.8118194146224023,100.0
United States,2026-09-27,60.0,11850.32971,15169.8,12656315.336419623,0.9363175138264507,1.1985952938725863,1.0680137722868153,0.8343099669355973,90.28872635211287
Malaysia,2026-09-27,2.0,562.470096,787.4581344000001,649217.6856998485,0.8663813515703356,1.2129338921984698,1.1542261363168513,0.8244472402263223,4.63144575723632
China,2026-09-27,4.0,731.3,848.0,320439.61596766044,2.282177245131278,2.646364424820626,0.43817806094306094,0.37787690562224113,2.285980084205527
United Kingdom,2026-09-27,1.0,88.0,124.0,123799.898938858,0.7108244897959185,1.0016163265306124,1.4068170333961136,0.9983862817649838,0.8831745180641078
Indonesia,2026-09-27,1.0,72.0,94.0,84386.05356240526,0.8532215568862275,1.1139281437125748,1.172028521700073,0.8977239740681411,0.6020005898641062
Norway,2026-09-27,1.0,42.0,50.0,50773.11773623042,0.8272093949044586,0.9847730891719745,1.208883755624534,1.0154623547246084,0.36220969622482274
Finland,2026-09-27,1.0,75.0,90.0,48527.92066700354,1.545502032008474,1.854602438410169,0.6470389422267139,0.5391991185222615,0.34619271352475844
Australia,2026-09-27,1.0,41.0,57.0,46488.12531581607,0.8819456521739131,1.2261195652173913,1.1338567150199041,0.81558114589151,0.3316410435179507
Portugal,2026-09-27,1.0,33.0,40.0,31834.259727134915,1.0366190476190478,1.2565079365079366,0.9646745371859065,0.7958564931783728,0.22710201893077062
Iceland,2026-09-27,1.0,5.11,6.64,5821.121778676099,0.8778376736111111,1.140673611111111,1.1391627746919957,0.8766749666680872,0.04152722631876948
ВСЕГО (хаб),2027-12-31,88.0,24099.531374,31284.9483296,34105549.49625317,0.706616129338352,0.9172978823589093,1.415195547455676,1.0901584089875092,100.0
United States,2027-12-31,72.0,20747.329709999998,27041.3,30638352.298173327,0.6771685862244283,0.8825964182679699,1.4767371380523229,1.13302068680771,89.83392072759084
Malaysia,2027-12-31,2.0,894.691664,1252.3683296,1064475.4926730671,0.8405000116567146,1.1765121303592476,1.1897679787402906,0.8499699868752312,3.121121073829965
China,2027-12-31,4.0,1510.3,1739.0,731322.385042951,2.0651630948111883,2.377884275889993,0.4842232569972529,0.4205419120431001,2.1442914594391564
Portugal,2027-12-31,1.0,233.0,280.0,540677.109651339,0.43094112149532715,0.5178691588785047,2.320502616529352,1.9309896773262107,1.585305375920531
Norway,2027-12-31,2.0,134.0,174.0,316058.61546235473,0.4239719895120547,0.5505307923514741,2.3586463840474234,1.8164288244962916,0.926707295823153
United Arab Emirates,2027-12-31,1.0,200.0,280.0,252652.85497726125,0.7916,1.10824,1.2632642748863063,0.9023316249187902,0.7407969046357621
Finland,2027-12-31,1.0,145.0,196.0,226233.83274381,0.6409297771310792,0.8663602504668382,1.5602333292676551,1.1542542486929082,0.6633343725151357
United Kingdom,2027-12-31,1.0,88.0,124.0,123799.898938858,0.7108244897959185,1.0016163265306124,1.4068170333961136,0.9983862817649838,0.3629904832715234
Indonesia,2027-12-31,1.0,72.0,94.0,84386.05356240526,0.8532215568862275,1.1139281437125748,1.172028521700073,0.8977239740681411,0.24742616614834453
Sweden,2027-12-31,1.0,24.0,34.0,69460.58615462355,0.3455196871874147,0.4894862235155042,2.894191089775981,2.0429584163124574,0.20366358900698692
Australia,2027-12-31,1.0,41.0,57.0,46488.12531581607,0.8819456521739131,1.2261195652173913,1.1338567150199041,0.81558114589151,0.13630663045298022
Iceland,2027-12-31,1.0,10.21,13.28,11642.243557352198,0.8769787326388889,1.140673611111111,1.1402785070864052,0.8766749666680872,0.03413592136561592
ВСЕГО (хаб),2028-12-31,93.0,37006.631374000004,48375.5483296,65723541.348076336,0.5630650846705045,0.7360459789194835,1.775993623517221,1.3586107779136314,100.0
United States,2028-12-31,77.0,32668.329709999998,42776.3,60339653.90239669,0.5414073100724632,0.7089251799354608,1.8470382305443154,1.4105860932898984,91.80828157575044
United Arab Emirates,2028-12-31,1.0,1000.0,1400.0,2021222.83981809,0.49474999999999997,0.69265,2.02122283981809,1.4437305998700642,3.0753407353897084
Malaysia,2028-12-31,2.0,894.691664,1252.3683296,1064475.4926730671,0.8405000116567146,1.1765121303592476,1.1897679787402906,0.8499699868752312,1.6196258917874382
China,2028-12-31,4.0,1672.4,1941.6,809990.9044972209,2.064714542736866,2.397063953705991,0.48432845282062953,0.41717702126968526,1.232421272322278
Portugal,2028-12-31,1.0,233.0,280.0,540677.109651339,0.43094112149532715,0.5178691588785047,2.320502616529352,1.9309896773262107,0.8226536467167469
Norway,2028-12-31,2.0,134.0,174.0,316058.61546235473,0.4239719895120547,0.5505307923514741,2.3586463840474234,1.8164288244962916,0.48089103079288875
Finland,2028-12-31,1.0,145.0,196.0,226233.83274381,0.6409297771310792,0.8663602504668382,1.5602333292676551,1.1542542486929082,0.34422039364199847
Sweden,2028-12-31,1.0,48.0,67.0,138912.3294593229,0.3455416822021952,0.48231859807389754,2.894006863735894,2.073318350139148,0.2113585583035366
United Kingdom,2028-12-31,1.0,88.0,124.0,123799.898938858,0.7108244897959185,1.0016163265306124,1.4068170333961136,0.9983862817649838,0.1883646200426196
Indonesia,2028-12-31,1.0,72.0,94.0,84386.05356240526,0.8532215568862275,1.1139281437125748,1.172028521700073,0.8977239740681411,0.12839547570252033
Australia,2028-12-31,1.0,41.0,57.0,46488.12531581607,0.8819456521739131,1.2261195652173913,1.1338567150199041,0.81558114589151,0.07073283691396329
Iceland,2028-12-31,1.0,10.21,13.28,11642.243557352198,0.8769787326388889,1.140673611111111,1.1402785070864052,0.8766749666680872,0.01771396263584472
