region,product,old_eur,new_eur,chg_eur_pct,old_usd,new_usd,chg_usd_pct
Germany (FSN/NBG) / Finland (HEL),CAX11,4.49,5.99,33.4,5.49,6.99,27.3
Germany (FSN/NBG) / Finland (HEL),CAX21,7.99,10.49,31.3,9.49,12.49,31.6
Germany (FSN/NBG) / Finland (HEL),CAX31,15.99,20.99,31.3,18.49,24.99,35.2
Germany (FSN/NBG) / Finland (HEL),CAX41,31.49,40.99,30.2,36.99,48.49,31.1
Germany (FSN/NBG) / Finland (HEL),CCX13,15.99,42.99,168.9,18.49,50.49,173.1
Germany (FSN/NBG) / Finland (HEL),CCX23,31.49,85.99,173.1,36.99,101.49,174.4
Germany (FSN/NBG) / Finland (HEL),CCX33,62.49,138.49,121.6,73.99,162.99,120.3
Germany (FSN/NBG) / Finland (HEL),CCX43,124.99,275.99,120.8,147.49,325.49,120.7
Germany (FSN/NBG) / Finland (HEL),CCX53,249.99,533.49,113.4,294.99,629.49,113.4
Germany (FSN/NBG) / Finland (HEL),CCX63,374.49,853.49,127.9,441.99,1006.99,127.8
Germany (FSN/NBG) / Finland (HEL),CPX22,7.99,19.49,143.9,9.49,22.99,142.3
Germany (FSN/NBG) / Finland (HEL),CPX32,13.99,35.49,153.7,15.99,41.99,162.6
Germany (FSN/NBG) / Finland (HEL),CPX42,25.49,69.49,172.6,29.99,81.99,173.4
Germany (FSN/NBG) / Finland (HEL),CPX52,36.49,100.49,175.4,42.99,118.99,176.8
Germany (FSN/NBG) / Finland (HEL),CPX62,50.49,129.99,157.5,59.49,152.99,157.2
Germany (FSN/NBG) / Finland (HEL),CX23,3.99,5.49,37.6,4.99,6.49,30.1
Germany (FSN/NBG) / Finland (HEL),CX33,6.49,8.49,30.8,7.99,9.99,25.0
Germany (FSN/NBG) / Finland (HEL),CX43,11.99,15.99,33.4,13.99,18.49,32.2
Germany (FSN/NBG) / Finland (HEL),CX53,22.49,29.49,31.1,26.49,34.99,32.1
USA (ASH/HIL),CCX13,16.99,43.49,156.0,19.99,50.99,155.1
USA (ASH/HIL),CCX23,33.99,87.49,157.4,39.99,102.99,157.5
USA (ASH/HIL),CCX33,64.99,140.99,116.9,76.99,165.99,115.6
USA (ASH/HIL),CCX43,129.99,279.49,115.0,153.49,329.49,114.7
USA (ASH/HIL),CCX53,259.99,538.49,107.1,306.99,635.49,107.0
USA (ASH/HIL),CCX63,389.99,853.49,118.8,460.49,1014.49,120.3
USA (ASH/HIL),CPX11,5.99,17.49,192.0,6.99,20.49,193.1
USA (ASH/HIL),CPX21,11.99,31.99,166.8,13.99,37.49,168.0
USA (ASH/HIL),CPX31,20.99,62.49,197.7,24.99,73.49,194.1
USA (ASH/HIL),CPX41,38.99,120.49,209.0,46.49,141.49,204.3
USA (ASH/HIL),CPX51,77.99,237.99,205.2,92.49,279.49,202.2
Singapore (SIN),CCX13,27.49,53.99,96.4,32.49,63.49,95.4
Singapore (SIN),CCX23,51.49,108.49,110.7,60.49,127.99,111.6
Singapore (SIN),CCX33,96.99,174.49,79.9,114.49,205.99,79.9
Singapore (SIN),CCX43,178.49,340.99,91.0,210.49,401.99,91.0
Singapore (SIN),CCX53,382.49,651.99,70.5,451.49,769.49,70.4
Singapore (SIN),CCX63,626.99,1036.49,65.3,739.49,1223.49,65.5
Singapore (SIN),CPX12,7.99,15.49,93.9,9.49,17.99,89.6
Singapore (SIN),CPX22,15.99,26.49,65.7,18.49,30.99,67.6
Singapore (SIN),CPX32,32.49,48.99,50.8,38.49,57.99,50.7
Singapore (SIN),CPX42,55.99,93.49,67.0,65.99,109.99,66.7
Singapore (SIN),CPX52,77.99,134.49,72.4,92.49,158.49,71.4
Singapore (SIN),CPX62,100.49,171.99,71.2,118.49,202.99,71.3
