quarter,category,low_pct,high_pct,status,forecast_date,source,quote
3Q25,conventional,10,15,прогноз,2025-07-07,https://www.trendforce.com/presscenter/news/20250707-12633.html,average contract prices for conventional DRAM are projected to rise by 10% to 15% in 3Q25
3Q25,PC,8,13,прогноз,2025-07-07,https://www.trendforce.com/presscenter/news/20250707-12633.html,PC DRAM ... expected to rise by 8% to 13% in the third quarter
3Q25,server,3,8,прогноз,2025-07-07,https://www.trendforce.com/presscenter/news/20250707-12633.html,server DRAM ... prices expected to rise by 3% to 8%
3Q25,NAND,5,10,прогноз,2025-07-09,https://www.trendforce.com/presscenter/news/20250709-12638.html,average NAND Flash contract prices are projected to rise by 5% to 10%
4Q25,conventional,8,13,прогноз,2025-09-24,https://www.trendforce.com/presscenter/news/20250924-12733.html,"conventional DRAM prices are expected to rise 8–13% QoQ in 4Q25, and when HBM is included, the increase could widen to 13-18%"
4Q25,conventional,18,23,прогноз,2025-10-29,https://www.trendforce.com/presscenter/news/20251029-12758.html,"revised its 4Q25 outlook for conventional DRAM pricing upward, from an earlier forecast of 8–13% growth to 18–23%"
4Q25,conventional,45,50,прогноз,2025-11-26,https://www.trendforce.com/presscenter/news/20251126-12802.html,TrendForce predicts that conventional DRAM contract prices will rise by 45–50% QoQ
4Q25,conventional,53,58,итог,2026-01-22,https://www.trendforce.com/presscenter/news/20260122-12893.html,last year's fourth quarter saw DRAM prices jump by 53–58% due to strong DDR5 demand
4Q25,conventional,45,50,итог,2026-02-26,https://www.trendforce.com/presscenter/news/20260226-12937.html,"Conventional DRAM contract prices rose 45–50% QoQ, while blended contract prices for conventional DRAM and HBM increased 50–55%"
4Q25,NAND,5,10,прогноз,2025-09-25,https://www.trendforce.com/presscenter/news/20250925-12736.html,"NAND Flash contract prices across all categories are expected to generally rise, with an average increase of 5–10% in 4Q25"
4Q25,NAND,20,25,прогноз,2025-12-03,https://www.trendforce.com/presscenter/news/20251203-12813.html,TrendForce predicts total NAND Flash prices will rise by 20–25%
1Q26,conventional,55,60,прогноз,2026-01-05,https://www.trendforce.com/presscenter/news/20260105-12860.html,Conventional DRAM contract prices in 1Q26 are forecast to rise 55–60% QoQ
1Q26,conventional,60,,прогноз,2026-01-22,https://www.trendforce.com/presscenter/news/20260122-12893.html,"TrendForce predicts price increases of over 60% in the first quarter, with some categories nearly doubling"
1Q26,conventional,90,95,прогноз,2026-02-02,https://www.trendforce.com/presscenter/news/20260202-12911.html,"revised upward, from a previous estimate of 55–60% to now 90–95%"
1Q26,conventional,93,98,итог,2026-06-01,https://www.trendforce.com/presscenter/news/20260601-13070.html,"contract prices for conventional DRAM, which increased by approximately 93% to 98% QoQ"
1Q26,PC,100,,прогноз,2026-02-02,https://www.trendforce.com/presscenter/news/20260202-12911.html,PC DRAM prices in 1Q26 are projected to increase by over 100% QoQ
1Q26,server,60,,прогноз,2026-01-05,https://www.trendforce.com/presscenter/news/20260105-12860.html,server DRAM prices are expected to climb by more than 60% QoQ in 1Q26
1Q26,server,90,90,прогноз,2026-02-02,https://www.trendforce.com/presscenter/news/20260202-12911.html,expected to drive server DRAM prices up by around 90% QoQ in 1Q26
1Q26,NAND,33,38,прогноз,2026-01-05,https://www.trendforce.com/presscenter/news/20260105-12860.html,NAND Flash prices are expected to increase 33–38% QoQ
1Q26,NAND,55,60,прогноз,2026-02-02,https://www.trendforce.com/presscenter/news/20260202-12911.html,NAND Flash contract prices are now expected to rise from 33–38% to 55–60%
1Q26,NAND,85,90,прогноз,2026-03-03,https://www.trendforce.com/presscenter/news/20260303-12943.html,now projecting overall NAND Flash prices to surge 85–90% QoQ in 1Q26
2Q26,conventional,58,63,прогноз,2026-03-31,https://www.trendforce.com/presscenter/news/20260331-12995.html,Conventional DRAM contract prices expected to rise 58–63% QoQ in 2Q26
2Q26,conventional,58,63,прогноз,2026-06-01,https://www.trendforce.com/presscenter/news/20260601-13070.html,TrendForce therefore expects conventional DRAM contract prices to rise another 58–63% QoQ in 2Q26
2Q26,NAND,70,75,прогноз,2026-03-31,https://www.trendforce.com/presscenter/news/20260331-12995.html,NAND Flash contract prices are expected to rise by 70–75% QoQ in 2Q26
3Q26,conventional,13,18,прогноз,2026-07-03,https://www.trendforce.com/presscenter/news/20260703-13134.html,Conventional DRAM contract prices are forecast to rise 13–18% QoQ in 3Q26
3Q26,conventional,13,18,прогноз,2026-09-07,https://www.trendforce.com/presscenter/news/20260907-13219.html,"Conventional DRAM contract price growth, however, is projected to moderate to 13–18% QoQ"
3Q26,server,13,18,прогноз,2026-07-09,https://www.trendforce.com/presscenter/news/20260709-13140.html,server DRAM contract prices will rise by 13–18% quarter-over-quarter in 3Q26
3Q26,NAND,10,15,прогноз,2026-07-03,https://www.trendforce.com/presscenter/news/20260703-13134.html,NAND Flash contract prices are projected to increase by 10–15% QoQ
4Q26,conventional,,,прогноз,2026-09-24,https://www.trendforce.com/research/download/RP260924PL,"AI Server Demand Continues to Support 4Q26 DRAM Price Hikes, but Profit Margins in Consumer Segments Remain Squeezed"
4Q26,NAND,15,20,прогноз,2026-09-24,https://www.trendforce.com/research/download/RP260924PL,Overall NAND Flash Up 15-20% QoQ
