month,incidents_aiid_by_event_date,incidents_aiid_by_added_date,incidents_aiid_by_event_date_deepfake_kw,incidents_aiid_by_event_date_fraud_kw,incidents_aiid_by_event_date_mit_fraud_4_3,incidents_aiid_by_event_date_mit_classified,aiid_event_date_completeness_est,releases_notable,releases_notable_language_multimodal,releases_frontier,releases_large_scale_gt1e23,releases_ge1e25_known_compute,incomplete_note
2022-11,18,31,2,1,1,18,1.0,13,6,0,1,0,
2022-12,10,26,1,0,0,10,1.0,6,2,0,1,0,
2023-01,13,17,3,3,4,13,1.0,7,1,0,1,0,
2023-02,31,29,11,5,9,30,1.0,5,2,0,6,0,
2023-03,17,21,5,1,3,16,0.998,13,6,1,10,1,
2023-04,8,27,5,3,5,8,0.998,5,2,1,5,0,
2023-05,18,12,4,1,0,17,0.996,11,11,1,2,0,
2023-06,16,10,5,1,3,15,0.994,6,4,1,8,1,
2023-07,8,8,1,0,1,7,0.994,10,5,1,15,0,
2023-08,10,0,6,2,2,10,0.992,5,2,0,12,0,
2023-09,6,5,2,0,1,5,0.99,7,4,2,12,0,
2023-10,18,21,9,2,6,18,0.99,12,7,0,13,0,
2023-11,10,27,4,0,2,9,0.987,23,19,2,25,1,
2023-12,22,8,13,4,7,21,0.987,15,13,1,12,1,
2024-01,16,10,8,7,6,16,0.985,4,3,1,7,0,
2024-02,26,13,13,3,6,26,0.985,7,5,1,19,0,
2024-03,20,13,13,6,10,19,0.985,8,7,1,12,1,
2024-04,34,17,12,6,8,33,0.981,3,3,1,19,0,
2024-05,25,25,8,3,5,25,0.977,8,5,1,15,0,
2024-06,26,37,7,5,8,23,0.971,8,7,2,16,2,
2024-07,25,21,9,6,8,25,0.969,8,8,1,11,1,
2024-08,24,14,11,5,8,22,0.956,7,6,3,8,1,
2024-09,28,33,16,9,11,28,0.952,13,11,0,20,0,
2024-10,34,26,14,10,12,33,0.942,11,7,0,15,1,
2024-11,18,19,7,4,8,17,0.933,8,6,1,5,0,
2024-12,26,29,14,9,13,26,0.925,13,9,0,20,0,
2025-01,32,33,20,15,18,30,0.923,10,8,1,12,0,
2025-02,47,42,26,21,28,45,0.914,4,4,2,14,3,
2025-03,44,48,24,17,20,43,0.914,10,9,2,20,1,
2025-04,47,41,20,21,22,47,0.904,6,5,1,34,2,
2025-05,34,42,17,10,11,34,0.902,7,5,0,17,0,
2025-06,44,35,27,19,21,39,0.889,4,3,0,16,0,AIID event-date series incomplete (~89% expected in base)
2025-07,39,31,14,14,12,34,0.873,10,9,1,11,1,AIID event-date series incomplete (~87% expected in base); Epoch large-scale/1e25 series incomplete (compute estimates lag)
2025-08,35,41,14,10,14,30,0.86,11,9,0,11,1,AIID event-date series incomplete (~86% expected in base); Epoch large-scale/1e25 series incomplete (compute estimates lag)
2025-09,17,21,8,3,5,13,0.848,8,7,0,9,1,AIID event-date series incomplete (~85% expected in base); Epoch large-scale/1e25 series incomplete (compute estimates lag)
2025-10,41,38,20,8,14,34,0.833,6,5,0,9,0,AIID event-date series incomplete (~83% expected in base); Epoch large-scale/1e25 series incomplete (compute estimates lag); mit_* monthly columns: snapshot MIT classification covers incident ids <=1509 only
2025-11,28,38,14,9,11,23,0.823,19,16,0,4,0,AIID event-date series incomplete (~82% expected in base); Epoch large-scale/1e25 series incomplete (compute estimates lag); mit_* monthly columns: snapshot MIT classification covers incident ids <=1509 only
2025-12,44,33,22,11,14,38,0.806,12,10,0,8,0,AIID event-date series incomplete (~81% expected in base); Epoch large-scale/1e25 series incomplete (compute estimates lag); mit_* monthly columns: snapshot MIT classification covers incident ids <=1509 only
2026-01,38,36,15,9,14,31,0.787,1,1,0,0,0,AIID event-date series incomplete (~79% expected in base); Epoch large-scale/1e25 series incomplete (compute estimates lag); Epoch notable may be incomplete; mit_* monthly columns: snapshot MIT classification covers incident ids <=1509 only
2026-02,30,33,7,3,5,26,0.764,9,8,0,7,0,AIID event-date series incomplete (~76% expected in base); Epoch large-scale/1e25 series incomplete (compute estimates lag); Epoch notable may be incomplete; mit_* monthly columns: snapshot MIT classification covers incident ids <=1509 only
2026-03,27,44,10,6,10,19,0.745,9,9,0,2,1,AIID event-date series incomplete (~75% expected in base); Epoch large-scale/1e25 series incomplete (compute estimates lag); Epoch notable may be incomplete; mit_* monthly columns: snapshot MIT classification covers incident ids <=1509 only
2026-04,25,32,8,3,6,13,0.712,17,15,0,11,0,AIID event-date series incomplete (~71% expected in base); Epoch large-scale/1e25 series incomplete (compute estimates lag); Epoch notable may be incomplete; mit_* monthly columns: snapshot MIT classification covers incident ids <=1509 only
2026-05,35,41,14,6,5,10,0.691,6,5,0,1,1,AIID event-date series incomplete (~69% expected in base); Epoch large-scale/1e25 series incomplete (compute estimates lag); Epoch notable may be incomplete; mit_* monthly columns: snapshot MIT classification covers incident ids <=1509 only
2026-06,21,54,6,4,0,0,0.618,9,8,0,4,1,AIID event-date series incomplete (~62% expected in base); Epoch large-scale/1e25 series incomplete (compute estimates lag); Epoch notable may be incomplete; mit_* monthly columns: snapshot MIT classification covers incident ids <=1509 only
2026-07,32,55,10,9,0,0,0.543,7,7,0,4,1,AIID event-date series incomplete (~54% expected in base); Epoch large-scale/1e25 series incomplete (compute estimates lag); Epoch notable may be incomplete; mit_* monthly columns: snapshot MIT classification covers incident ids <=1509 only
2026-08,12,49,3,5,0,0,0.43,8,8,0,3,0,AIID event-date series incomplete (~43% expected in base); Epoch large-scale/1e25 series incomplete (compute estimates lag); Epoch notable may be incomplete; mit_* monthly columns: snapshot MIT classification covers incident ids <=1509 only
