window,incidents,releases,transform,lag,n,pearson_r,p_naive,spearman_rho,ci95_lo,ci95_hi
full_2022-11_2026-08,inc_event,notable,levels,0,46,-0.178,0.2365,-0.103,-0.445,0.118
full_2022-11_2026-08,inc_event,notable,levels,1,45,0.026,0.8653,0.015,-0.27,0.317
full_2022-11_2026-08,inc_event,notable,levels,2,44,-0.093,0.5496,-0.104,-0.379,0.21
full_2022-11_2026-08,inc_event,notable,levels,3,43,0.15,0.3358,0.21,-0.157,0.431
full_2022-11_2026-08,inc_event,notable,diff1,0,45,-0.274,0.0689,-0.279,-0.525,0.022
full_2022-11_2026-08,inc_event,notable,diff1,1,44,0.26,0.0889,0.275,-0.04,0.517
full_2022-11_2026-08,inc_event,notable,diff1,2,43,-0.271,0.079,-0.306,-0.528,0.032
full_2022-11_2026-08,inc_event,notable,diff1,3,42,0.316,0.0413,0.316,0.014,0.566
full_2022-11_2026-08,inc_event,notable,detrend_log,0,46,-0.153,0.31,-0.099,-0.424,0.144
full_2022-11_2026-08,inc_event,notable,detrend_log,1,45,-0.024,0.8756,-0.087,-0.315,0.271
full_2022-11_2026-08,inc_event,notable,detrend_log,2,44,-0.098,0.5274,-0.126,-0.384,0.205
full_2022-11_2026-08,inc_event,notable,detrend_log,3,43,0.223,0.1508,0.167,-0.083,0.49
full_2022-11_2026-08,inc_event,notable,detrend_lin,0,46,-0.22,0.1412,-0.161,-0.48,0.075
full_2022-11_2026-08,inc_event,notable,detrend_lin,1,45,0.021,0.8895,-0.024,-0.274,0.313
full_2022-11_2026-08,inc_event,notable,detrend_lin,2,44,-0.132,0.3946,-0.146,-0.412,0.172
full_2022-11_2026-08,inc_event,notable,detrend_lin,3,43,0.154,0.3241,0.128,-0.153,0.434
full_2022-11_2026-08,inc_event,notable_lang,levels,0,46,0.023,0.8787,0.136,-0.269,0.311
full_2022-11_2026-08,inc_event,notable_lang,levels,1,45,0.222,0.143,0.236,-0.077,0.484
full_2022-11_2026-08,inc_event,notable_lang,levels,2,44,0.051,0.7404,0.103,-0.249,0.343
full_2022-11_2026-08,inc_event,notable_lang,levels,3,43,0.281,0.0677,0.387,-0.021,0.536
full_2022-11_2026-08,inc_event,notable_lang,diff1,0,45,-0.246,0.1029,-0.263,-0.503,0.051
full_2022-11_2026-08,inc_event,notable_lang,diff1,1,44,0.303,0.0456,0.33,0.007,0.55
full_2022-11_2026-08,inc_event,notable_lang,diff1,2,43,-0.322,0.035,-0.352,-0.568,-0.024
full_2022-11_2026-08,inc_event,notable_lang,diff1,3,42,0.349,0.0233,0.361,0.051,0.591
full_2022-11_2026-08,inc_event,notable_lang,detrend_log,0,46,-0.047,0.7582,0.005,-0.332,0.247
full_2022-11_2026-08,inc_event,notable_lang,detrend_log,1,45,0.017,0.9134,-0.016,-0.278,0.309
full_2022-11_2026-08,inc_event,notable_lang,detrend_log,2,44,-0.088,0.5694,-0.061,-0.375,0.214
full_2022-11_2026-08,inc_event,notable_lang,detrend_log,3,43,0.3,0.051,0.254,-0.001,0.55
full_2022-11_2026-08,inc_event,notable_lang,detrend_lin,0,46,-0.186,0.2153,-0.075,-0.452,0.11
full_2022-11_2026-08,inc_event,notable_lang,detrend_lin,1,45,0.069,0.6506,0.059,-0.229,0.356
full_2022-11_2026-08,inc_event,notable_lang,detrend_lin,2,44,-0.14,0.3641,-0.081,-0.42,0.164
full_2022-11_2026-08,inc_event,notable_lang,detrend_lin,3,43,0.152,0.3305,0.213,-0.155,0.433
full_2022-11_2026-08,inc_event,frontier,levels,0,46,-0.088,0.5631,-0.154,-0.368,0.208
full_2022-11_2026-08,inc_event,frontier,levels,1,45,0.054,0.7257,-0.008,-0.244,0.342
full_2022-11_2026-08,inc_event,frontier,levels,2,44,-0.042,0.7884,-0.109,-0.334,0.258
full_2022-11_2026-08,inc_event,frontier,levels,3,43,0.04,0.8005,0.04,-0.264,0.336
full_2022-11_2026-08,inc_event,frontier,diff1,0,45,-0.19,0.2103,-0.197,-0.458,0.109
full_2022-11_2026-08,inc_event,frontier,diff1,1,44,0.201,0.1908,0.23,-0.102,0.47
full_2022-11_2026-08,inc_event,frontier,diff1,2,43,-0.152,0.3304,-0.226,-0.433,0.155
full_2022-11_2026-08,inc_event,frontier,diff1,3,42,0.155,0.3265,0.225,-0.156,0.438
full_2022-11_2026-08,inc_event,frontier,detrend_log,0,46,0.059,0.6977,0.054,-0.235,0.343
full_2022-11_2026-08,inc_event,frontier,detrend_log,1,45,0.305,0.0414,0.264,0.013,0.55
full_2022-11_2026-08,inc_event,frontier,detrend_log,2,44,0.092,0.5529,0.111,-0.211,0.378
full_2022-11_2026-08,inc_event,frontier,detrend_log,3,43,0.23,0.1381,0.301,-0.076,0.496
full_2022-11_2026-08,inc_event,frontier,detrend_lin,0,46,0.111,0.4639,0.044,-0.186,0.389
full_2022-11_2026-08,inc_event,frontier,detrend_lin,1,45,0.272,0.0705,0.246,-0.023,0.524
full_2022-11_2026-08,inc_event,frontier,detrend_lin,2,44,0.125,0.4201,0.07,-0.179,0.406
full_2022-11_2026-08,inc_event,frontier,detrend_lin,3,43,0.198,0.2041,0.274,-0.109,0.47
full_2022-11_2026-08,inc_event,large_1e23,levels,0,46,0.284,0.0556,0.231,-0.007,0.531
full_2022-11_2026-08,inc_event,large_1e23,levels,1,45,0.233,0.1243,0.219,-0.065,0.492
full_2022-11_2026-08,inc_event,large_1e23,levels,2,44,0.267,0.0801,0.215,-0.033,0.522
full_2022-11_2026-08,inc_event,large_1e23,levels,3,43,0.335,0.0281,0.289,0.039,0.577
full_2022-11_2026-08,inc_event,large_1e23,diff1,0,45,0.192,0.2055,0.21,-0.107,0.46
full_2022-11_2026-08,inc_event,large_1e23,diff1,1,44,-0.109,0.4804,-0.131,-0.393,0.194
full_2022-11_2026-08,inc_event,large_1e23,diff1,2,43,-0.027,0.8659,-0.042,-0.324,0.276
full_2022-11_2026-08,inc_event,large_1e23,diff1,3,42,0.13,0.4128,0.113,-0.181,0.417
full_2022-11_2026-08,inc_event,large_1e23,detrend_log,0,46,0.245,0.1008,0.398,-0.049,0.5
full_2022-11_2026-08,inc_event,large_1e23,detrend_log,1,45,0.217,0.1519,0.35,-0.082,0.48
full_2022-11_2026-08,inc_event,large_1e23,detrend_log,2,44,0.2,0.1932,0.328,-0.103,0.469
full_2022-11_2026-08,inc_event,large_1e23,detrend_log,3,43,0.389,0.0099,0.375,0.101,0.617
full_2022-11_2026-08,inc_event,large_1e23,detrend_lin,0,46,0.384,0.0084,0.368,0.106,0.607
full_2022-11_2026-08,inc_event,large_1e23,detrend_lin,1,45,0.293,0.0511,0.332,-0.001,0.54
full_2022-11_2026-08,inc_event,large_1e23,detrend_lin,2,44,0.301,0.0468,0.301,0.005,0.549
full_2022-11_2026-08,inc_event,large_1e23,detrend_lin,3,43,0.349,0.0217,0.345,0.055,0.588
full_2022-11_2026-08,inc_added,notable,levels,0,46,0.041,0.7873,0.037,-0.252,0.327
full_2022-11_2026-08,inc_added,notable,levels,1,45,-0.085,0.5772,-0.01,-0.37,0.214
full_2022-11_2026-08,inc_added,notable,levels,2,44,-0.131,0.3984,-0.123,-0.411,0.173
full_2022-11_2026-08,inc_added,notable,levels,3,43,0.067,0.6691,0.153,-0.238,0.36
full_2022-11_2026-08,inc_added,notable,diff1,0,45,0.085,0.5777,0.09,-0.214,0.37
full_2022-11_2026-08,inc_added,notable,diff1,1,44,-0.066,0.6719,-0.022,-0.356,0.236
full_2022-11_2026-08,inc_added,notable,diff1,2,43,-0.253,0.102,-0.23,-0.514,0.052
full_2022-11_2026-08,inc_added,notable,diff1,3,42,0.206,0.1897,0.206,-0.104,0.48
full_2022-11_2026-08,inc_added,notable,detrend_log,0,46,0.13,0.3875,0.082,-0.166,0.405
full_2022-11_2026-08,inc_added,notable,detrend_log,1,45,-0.072,0.6367,-0.074,-0.358,0.226
full_2022-11_2026-08,inc_added,notable,detrend_log,2,44,-0.144,0.3508,-0.297,-0.423,0.16
full_2022-11_2026-08,inc_added,notable,detrend_log,3,43,0.007,0.9664,0.074,-0.294,0.306
full_2022-11_2026-08,inc_added,notable,detrend_lin,0,46,0.052,0.7328,0.035,-0.242,0.337
full_2022-11_2026-08,inc_added,notable,detrend_lin,1,45,-0.144,0.3451,-0.08,-0.42,0.156
full_2022-11_2026-08,inc_added,notable,detrend_lin,2,44,-0.237,0.1216,-0.269,-0.499,0.065
full_2022-11_2026-08,inc_added,notable,detrend_lin,3,43,0.067,0.668,0.136,-0.238,0.36
full_2022-11_2026-08,inc_added,notable_lang,levels,0,46,0.196,0.1919,0.256,-0.1,0.46
full_2022-11_2026-08,inc_added,notable_lang,levels,1,45,0.053,0.7285,0.161,-0.244,0.341
full_2022-11_2026-08,inc_added,notable_lang,levels,2,44,0.053,0.7326,0.101,-0.248,0.344
full_2022-11_2026-08,inc_added,notable_lang,levels,3,43,0.2,0.1973,0.327,-0.106,0.472
full_2022-11_2026-08,inc_added,notable_lang,diff1,0,45,0.082,0.5919,0.151,-0.217,0.367
full_2022-11_2026-08,inc_added,notable_lang,diff1,1,44,-0.149,0.3335,-0.062,-0.427,0.154
full_2022-11_2026-08,inc_added,notable_lang,diff1,2,43,-0.176,0.2576,-0.173,-0.453,0.131
full_2022-11_2026-08,inc_added,notable_lang,diff1,3,42,0.159,0.314,0.175,-0.152,0.442
full_2022-11_2026-08,inc_added,notable_lang,detrend_log,0,46,0.082,0.5864,0.003,-0.213,0.364
full_2022-11_2026-08,inc_added,notable_lang,detrend_log,1,45,-0.147,0.335,-0.145,-0.422,0.153
full_2022-11_2026-08,inc_added,notable_lang,detrend_log,2,44,-0.238,0.1191,-0.32,-0.5,0.063
full_2022-11_2026-08,inc_added,notable_lang,detrend_log,3,43,-0.179,0.2516,0.004,-0.455,0.129
full_2022-11_2026-08,inc_added,notable_lang,detrend_lin,0,46,-0.027,0.8579,-0.018,-0.315,0.265
full_2022-11_2026-08,inc_added,notable_lang,detrend_lin,1,45,-0.265,0.0784,-0.2,-0.518,0.031
full_2022-11_2026-08,inc_added,notable_lang,detrend_lin,2,44,-0.289,0.0567,-0.298,-0.54,0.008
full_2022-11_2026-08,inc_added,notable_lang,detrend_lin,3,43,-0.046,0.7692,0.054,-0.342,0.258
full_2022-11_2026-08,inc_added,frontier,levels,0,46,-0.304,0.0399,-0.363,-0.546,-0.015
full_2022-11_2026-08,inc_added,frontier,levels,1,45,-0.199,0.1911,-0.25,-0.465,0.101
full_2022-11_2026-08,inc_added,frontier,levels,2,44,-0.29,0.056,-0.338,-0.54,0.007
full_2022-11_2026-08,inc_added,frontier,levels,3,43,-0.331,0.03,-0.346,-0.574,-0.034
full_2022-11_2026-08,inc_added,frontier,diff1,0,45,-0.117,0.4431,-0.019,-0.397,0.183
full_2022-11_2026-08,inc_added,frontier,diff1,1,44,0.225,0.1418,0.257,-0.077,0.489
full_2022-11_2026-08,inc_added,frontier,diff1,2,43,-0.08,0.609,-0.181,-0.372,0.226
full_2022-11_2026-08,inc_added,frontier,diff1,3,42,-0.142,0.3692,-0.082,-0.428,0.169
full_2022-11_2026-08,inc_added,frontier,detrend_log,0,46,-0.057,0.7055,-0.194,-0.342,0.237
full_2022-11_2026-08,inc_added,frontier,detrend_log,1,45,-0.058,0.7063,-0.032,-0.345,0.24
full_2022-11_2026-08,inc_added,frontier,detrend_log,2,44,-0.142,0.3585,-0.136,-0.421,0.162
full_2022-11_2026-08,inc_added,frontier,detrend_log,3,43,-0.178,0.2546,-0.178,-0.454,0.13
full_2022-11_2026-08,inc_added,frontier,detrend_lin,0,46,-0.126,0.4035,-0.185,-0.402,0.17
full_2022-11_2026-08,inc_added,frontier,detrend_lin,1,45,0.028,0.8564,-0.011,-0.268,0.319
full_2022-11_2026-08,inc_added,frontier,detrend_lin,2,44,-0.132,0.3926,-0.141,-0.413,0.172
full_2022-11_2026-08,inc_added,frontier,detrend_lin,3,43,-0.22,0.1558,-0.203,-0.488,0.086
full_2022-11_2026-08,inc_added,large_1e23,levels,0,46,-0.05,0.7407,-0.092,-0.336,0.244
full_2022-11_2026-08,inc_added,large_1e23,levels,1,45,-0.087,0.5677,-0.106,-0.371,0.211
full_2022-11_2026-08,inc_added,large_1e23,levels,2,44,-0.065,0.6751,-0.069,-0.355,0.236
full_2022-11_2026-08,inc_added,large_1e23,levels,3,43,-0.006,0.9674,-0.007,-0.306,0.295
full_2022-11_2026-08,inc_added,large_1e23,diff1,0,45,0.228,0.1316,0.219,-0.07,0.489
full_2022-11_2026-08,inc_added,large_1e23,diff1,1,44,-0.108,0.4862,-0.106,-0.392,0.195
full_2022-11_2026-08,inc_added,large_1e23,diff1,2,43,-0.081,0.6061,-0.144,-0.372,0.225
full_2022-11_2026-08,inc_added,large_1e23,diff1,3,42,0.052,0.7434,0.076,-0.256,0.35
full_2022-11_2026-08,inc_added,large_1e23,detrend_log,0,46,-0.132,0.3815,0.065,-0.407,0.165
full_2022-11_2026-08,inc_added,large_1e23,detrend_log,1,45,-0.166,0.2768,-0.032,-0.438,0.134
full_2022-11_2026-08,inc_added,large_1e23,detrend_log,2,44,-0.103,0.504,-0.026,-0.388,0.2
full_2022-11_2026-08,inc_added,large_1e23,detrend_log,3,43,0.079,0.6129,0.085,-0.226,0.371
full_2022-11_2026-08,inc_added,large_1e23,detrend_lin,0,46,-0.014,0.9269,-0.061,-0.303,0.278
full_2022-11_2026-08,inc_added,large_1e23,detrend_lin,1,45,-0.109,0.4768,-0.143,-0.39,0.191
full_2022-11_2026-08,inc_added,large_1e23,detrend_lin,2,44,-0.113,0.4654,-0.112,-0.397,0.19
full_2022-11_2026-08,inc_added,large_1e23,detrend_lin,3,43,-0.062,0.693,-0.035,-0.356,0.243
complete_2022-11_2025-06,inc_event,notable,levels,0,32,-0.233,0.1996,-0.11,-0.538,0.126
complete_2022-11_2025-06,inc_event,notable,levels,1,31,-0.112,0.5489,-0.089,-0.448,0.252
complete_2022-11_2025-06,inc_event,notable,levels,2,30,-0.113,0.5506,-0.069,-0.455,0.257
complete_2022-11_2025-06,inc_event,notable,levels,3,29,0.153,0.4272,0.203,-0.226,0.492
complete_2022-11_2025-06,inc_event,notable,diff1,0,31,-0.147,0.4293,-0.145,-0.477,0.219
complete_2022-11_2025-06,inc_event,notable,diff1,1,30,0.109,0.5655,0.122,-0.261,0.452
complete_2022-11_2025-06,inc_event,notable,diff1,2,29,-0.244,0.2029,-0.264,-0.56,0.135
complete_2022-11_2025-06,inc_event,notable,diff1,3,28,0.246,0.2079,0.249,-0.14,0.567
complete_2022-11_2025-06,inc_event,notable,detrend_log,0,32,-0.128,0.4858,-0.066,-0.456,0.231
complete_2022-11_2025-06,inc_event,notable,detrend_log,1,31,-0.126,0.5008,-0.259,-0.46,0.239
complete_2022-11_2025-06,inc_event,notable,detrend_log,2,30,-0.115,0.5437,-0.065,-0.457,0.256
complete_2022-11_2025-06,inc_event,notable,detrend_log,3,29,0.248,0.1941,0.156,-0.13,0.563
complete_2022-11_2025-06,inc_event,notable,detrend_lin,0,32,-0.244,0.1788,-0.171,-0.546,0.115
complete_2022-11_2025-06,inc_event,notable,detrend_lin,1,31,-0.123,0.5101,-0.216,-0.457,0.242
complete_2022-11_2025-06,inc_event,notable,detrend_lin,2,30,-0.15,0.43,-0.11,-0.484,0.223
complete_2022-11_2025-06,inc_event,notable,detrend_lin,3,29,0.217,0.2589,0.168,-0.163,0.54
complete_2022-11_2025-06,inc_event,notable_lang,levels,0,32,0.003,0.9864,0.206,-0.346,0.351
complete_2022-11_2025-06,inc_event,notable_lang,levels,1,31,0.131,0.4818,0.2,-0.234,0.464
complete_2022-11_2025-06,inc_event,notable_lang,levels,2,30,0.059,0.7556,0.203,-0.308,0.411
complete_2022-11_2025-06,inc_event,notable_lang,levels,3,29,0.292,0.1243,0.442,-0.083,0.595
complete_2022-11_2025-06,inc_event,notable_lang,diff1,0,31,-0.079,0.6731,-0.096,-0.421,0.283
complete_2022-11_2025-06,inc_event,notable_lang,diff1,1,30,0.179,0.343,0.178,-0.193,0.507
complete_2022-11_2025-06,inc_event,notable_lang,diff1,2,29,-0.311,0.1001,-0.287,-0.608,0.062
complete_2022-11_2025-06,inc_event,notable_lang,diff1,3,28,0.281,0.148,0.283,-0.103,0.592
complete_2022-11_2025-06,inc_event,notable_lang,detrend_log,0,32,-0.057,0.7573,0.045,-0.398,0.298
complete_2022-11_2025-06,inc_event,notable_lang,detrend_log,1,31,-0.162,0.3838,-0.228,-0.488,0.204
complete_2022-11_2025-06,inc_event,notable_lang,detrend_log,2,30,-0.232,0.217,-0.141,-0.547,0.14
complete_2022-11_2025-06,inc_event,notable_lang,detrend_log,3,29,0.221,0.2484,0.163,-0.158,0.544
complete_2022-11_2025-06,inc_event,notable_lang,detrend_lin,0,32,-0.225,0.2156,-0.136,-0.532,0.134
complete_2022-11_2025-06,inc_event,notable_lang,detrend_lin,1,31,-0.098,0.5993,-0.121,-0.437,0.265
complete_2022-11_2025-06,inc_event,notable_lang,detrend_lin,2,30,-0.243,0.1957,-0.172,-0.555,0.129
complete_2022-11_2025-06,inc_event,notable_lang,detrend_lin,3,29,0.099,0.6106,0.18,-0.278,0.449
complete_2022-11_2025-06,inc_event,frontier,levels,0,32,0.033,0.8584,-0.038,-0.32,0.377
complete_2022-11_2025-06,inc_event,frontier,levels,1,31,0.245,0.1837,0.239,-0.12,0.552
complete_2022-11_2025-06,inc_event,frontier,levels,2,30,0.179,0.345,0.17,-0.194,0.506
complete_2022-11_2025-06,inc_event,frontier,levels,3,29,0.143,0.4608,0.199,-0.236,0.484
complete_2022-11_2025-06,inc_event,frontier,diff1,0,31,-0.267,0.1471,-0.264,-0.567,0.097
complete_2022-11_2025-06,inc_event,frontier,diff1,1,30,0.241,0.1999,0.261,-0.131,0.553
complete_2022-11_2025-06,inc_event,frontier,diff1,2,29,-0.099,0.6104,-0.212,-0.449,0.278
complete_2022-11_2025-06,inc_event,frontier,diff1,3,28,0.063,0.7509,0.138,-0.318,0.426
complete_2022-11_2025-06,inc_event,frontier,detrend_log,0,32,-0.232,0.2006,-0.085,-0.538,0.127
complete_2022-11_2025-06,inc_event,frontier,detrend_log,1,31,0.12,0.5199,0.093,-0.245,0.455
complete_2022-11_2025-06,inc_event,frontier,detrend_log,2,30,-0.17,0.3683,-0.189,-0.5,0.202
complete_2022-11_2025-06,inc_event,frontier,detrend_log,3,29,-0.11,0.5696,-0.116,-0.458,0.267
complete_2022-11_2025-06,inc_event,frontier,detrend_lin,0,32,-0.175,0.3378,-0.115,-0.494,0.185
complete_2022-11_2025-06,inc_event,frontier,detrend_lin,1,31,0.07,0.708,0.04,-0.292,0.414
complete_2022-11_2025-06,inc_event,frontier,detrend_lin,2,30,-0.138,0.467,-0.177,-0.475,0.234
complete_2022-11_2025-06,inc_event,frontier,detrend_lin,3,29,-0.199,0.2998,-0.152,-0.527,0.18
complete_2022-11_2025-06,inc_event,large_1e23,levels,0,32,0.522,0.0022,0.542,0.212,0.737
complete_2022-11_2025-06,inc_event,large_1e23,levels,1,31,0.38,0.0352,0.407,0.029,0.647
complete_2022-11_2025-06,inc_event,large_1e23,levels,2,30,0.413,0.0233,0.362,0.062,0.673
complete_2022-11_2025-06,inc_event,large_1e23,levels,3,29,0.367,0.0504,0.392,0.0,0.646
complete_2022-11_2025-06,inc_event,large_1e23,diff1,0,31,0.261,0.1564,0.263,-0.103,0.563
complete_2022-11_2025-06,inc_event,large_1e23,diff1,1,30,-0.264,0.1591,-0.308,-0.57,0.107
complete_2022-11_2025-06,inc_event,large_1e23,diff1,2,29,0.005,0.9797,0.032,-0.362,0.371
complete_2022-11_2025-06,inc_event,large_1e23,diff1,3,28,0.033,0.8658,-0.021,-0.344,0.402
complete_2022-11_2025-06,inc_event,large_1e23,detrend_log,0,32,-0.143,0.4362,-0.033,-0.468,0.217
complete_2022-11_2025-06,inc_event,large_1e23,detrend_log,1,31,-0.395,0.0279,-0.386,-0.657,-0.047
complete_2022-11_2025-06,inc_event,large_1e23,detrend_log,2,30,-0.305,0.1007,-0.208,-0.6,0.062
complete_2022-11_2025-06,inc_event,large_1e23,detrend_log,3,29,-0.113,0.5586,-0.167,-0.461,0.264
complete_2022-11_2025-06,inc_event,large_1e23,detrend_lin,0,32,0.069,0.7063,-0.0,-0.286,0.408
complete_2022-11_2025-06,inc_event,large_1e23,detrend_lin,1,31,-0.25,0.1745,-0.333,-0.555,0.114
complete_2022-11_2025-06,inc_event,large_1e23,detrend_lin,2,30,-0.158,0.4053,-0.131,-0.49,0.215
complete_2022-11_2025-06,inc_event,large_1e23,detrend_lin,3,29,-0.171,0.374,-0.096,-0.506,0.208
complete_2022-11_2025-06,inc_added,notable,levels,0,32,0.049,0.7905,0.041,-0.305,0.391
complete_2022-11_2025-06,inc_added,notable,levels,1,31,-0.139,0.4546,-0.008,-0.47,0.226
complete_2022-11_2025-06,inc_added,notable,levels,2,30,-0.243,0.1962,-0.222,-0.555,0.129
complete_2022-11_2025-06,inc_added,notable,levels,3,29,-0.039,0.8419,0.081,-0.4,0.333
complete_2022-11_2025-06,inc_added,notable,diff1,0,31,0.254,0.1673,0.228,-0.11,0.558
complete_2022-11_2025-06,inc_added,notable,diff1,1,30,-0.096,0.6148,-0.032,-0.441,0.274
complete_2022-11_2025-06,inc_added,notable,diff1,2,29,-0.275,0.1481,-0.251,-0.583,0.101
complete_2022-11_2025-06,inc_added,notable,diff1,3,28,0.092,0.6409,0.096,-0.291,0.45
complete_2022-11_2025-06,inc_added,notable,detrend_log,0,32,0.187,0.3067,0.096,-0.173,0.503
complete_2022-11_2025-06,inc_added,notable,detrend_log,1,31,-0.091,0.6269,-0.06,-0.431,0.272
complete_2022-11_2025-06,inc_added,notable,detrend_log,2,30,-0.147,0.4389,-0.294,-0.482,0.225
complete_2022-11_2025-06,inc_added,notable,detrend_log,3,29,-0.065,0.7371,-0.009,-0.422,0.309
complete_2022-11_2025-06,inc_added,notable,detrend_lin,0,32,0.122,0.5044,0.045,-0.236,0.452
complete_2022-11_2025-06,inc_added,notable,detrend_lin,1,31,-0.136,0.465,-0.088,-0.468,0.229
complete_2022-11_2025-06,inc_added,notable,detrend_lin,2,30,-0.282,0.1316,-0.264,-0.583,0.087
complete_2022-11_2025-06,inc_added,notable,detrend_lin,3,29,-0.043,0.8261,0.02,-0.403,0.329
complete_2022-11_2025-06,inc_added,notable_lang,levels,0,32,0.112,0.5418,0.156,-0.246,0.443
complete_2022-11_2025-06,inc_added,notable_lang,levels,1,31,-0.091,0.6256,0.053,-0.432,0.272
complete_2022-11_2025-06,inc_added,notable_lang,levels,2,30,-0.095,0.6167,-0.011,-0.44,0.274
complete_2022-11_2025-06,inc_added,notable_lang,levels,3,29,0.019,0.9208,0.194,-0.35,0.383
complete_2022-11_2025-06,inc_added,notable_lang,diff1,0,31,0.255,0.1666,0.336,-0.109,0.559
complete_2022-11_2025-06,inc_added,notable_lang,diff1,1,30,-0.234,0.2137,-0.103,-0.548,0.138
complete_2022-11_2025-06,inc_added,notable_lang,diff1,2,29,-0.129,0.504,-0.152,-0.473,0.249
complete_2022-11_2025-06,inc_added,notable_lang,diff1,3,28,0.009,0.9623,0.061,-0.365,0.381
complete_2022-11_2025-06,inc_added,notable_lang,detrend_log,0,32,0.104,0.5726,0.015,-0.254,0.437
complete_2022-11_2025-06,inc_added,notable_lang,detrend_log,1,31,-0.194,0.2955,-0.17,-0.513,0.172
complete_2022-11_2025-06,inc_added,notable_lang,detrend_log,2,30,-0.283,0.1303,-0.408,-0.583,0.087
complete_2022-11_2025-06,inc_added,notable_lang,detrend_log,3,29,-0.324,0.0866,-0.14,-0.617,0.048
complete_2022-11_2025-06,inc_added,notable_lang,detrend_lin,0,32,0.013,0.9428,-0.018,-0.337,0.36
complete_2022-11_2025-06,inc_added,notable_lang,detrend_lin,1,31,-0.302,0.0987,-0.178,-0.593,0.059
complete_2022-11_2025-06,inc_added,notable_lang,detrend_lin,2,30,-0.347,0.0601,-0.26,-0.629,0.015
complete_2022-11_2025-06,inc_added,notable_lang,detrend_lin,3,29,-0.214,0.2647,-0.077,-0.538,0.165
complete_2022-11_2025-06,inc_added,frontier,levels,0,32,-0.032,0.8623,-0.093,-0.376,0.32
complete_2022-11_2025-06,inc_added,frontier,levels,1,31,0.123,0.5097,0.037,-0.242,0.457
complete_2022-11_2025-06,inc_added,frontier,levels,2,30,0.066,0.7306,0.024,-0.302,0.416
complete_2022-11_2025-06,inc_added,frontier,levels,3,29,-0.075,0.6996,-0.093,-0.43,0.3
complete_2022-11_2025-06,inc_added,frontier,diff1,0,31,-0.103,0.5797,0.046,-0.442,0.26
complete_2022-11_2025-06,inc_added,frontier,diff1,1,30,0.188,0.3185,0.203,-0.184,0.514
complete_2022-11_2025-06,inc_added,frontier,diff1,2,29,0.005,0.981,-0.103,-0.362,0.371
complete_2022-11_2025-06,inc_added,frontier,diff1,3,28,-0.229,0.2407,-0.182,-0.555,0.157
complete_2022-11_2025-06,inc_added,frontier,detrend_log,0,32,-0.091,0.6221,-0.107,-0.426,0.267
complete_2022-11_2025-06,inc_added,frontier,detrend_log,1,31,-0.145,0.4379,-0.146,-0.475,0.221
complete_2022-11_2025-06,inc_added,frontier,detrend_log,2,30,-0.226,0.2303,-0.35,-0.542,0.146
complete_2022-11_2025-06,inc_added,frontier,detrend_log,3,29,-0.331,0.0796,-0.456,-0.622,0.041
complete_2022-11_2025-06,inc_added,frontier,detrend_lin,0,32,-0.159,0.3855,-0.127,-0.481,0.201
complete_2022-11_2025-06,inc_added,frontier,detrend_lin,1,31,-0.038,0.8407,-0.11,-0.387,0.321
complete_2022-11_2025-06,inc_added,frontier,detrend_lin,2,30,-0.184,0.3295,-0.277,-0.511,0.188
complete_2022-11_2025-06,inc_added,frontier,detrend_lin,3,29,-0.377,0.0438,-0.434,-0.653,-0.012
complete_2022-11_2025-06,inc_added,large_1e23,levels,0,32,0.378,0.0329,0.385,0.034,0.642
complete_2022-11_2025-06,inc_added,large_1e23,levels,1,31,0.256,0.165,0.217,-0.108,0.559
complete_2022-11_2025-06,inc_added,large_1e23,levels,2,30,0.25,0.182,0.219,-0.121,0.56
complete_2022-11_2025-06,inc_added,large_1e23,levels,3,29,0.263,0.1682,0.294,-0.115,0.574
complete_2022-11_2025-06,inc_added,large_1e23,diff1,0,31,0.406,0.0236,0.401,0.06,0.664
complete_2022-11_2025-06,inc_added,large_1e23,diff1,1,30,-0.181,0.3387,-0.197,-0.508,0.192
complete_2022-11_2025-06,inc_added,large_1e23,diff1,2,29,-0.132,0.4934,-0.164,-0.476,0.246
complete_2022-11_2025-06,inc_added,large_1e23,diff1,3,28,0.114,0.5641,0.122,-0.271,0.467
complete_2022-11_2025-06,inc_added,large_1e23,detrend_log,0,32,-0.256,0.158,-0.221,-0.555,0.102
complete_2022-11_2025-06,inc_added,large_1e23,detrend_log,1,31,-0.418,0.0192,-0.375,-0.673,-0.075
complete_2022-11_2025-06,inc_added,large_1e23,detrend_log,2,30,-0.322,0.0831,-0.383,-0.611,0.044
complete_2022-11_2025-06,inc_added,large_1e23,detrend_log,3,29,-0.084,0.6648,-0.334,-0.437,0.291
complete_2022-11_2025-06,inc_added,large_1e23,detrend_lin,0,32,0.058,0.7538,0.002,-0.297,0.398
complete_2022-11_2025-06,inc_added,large_1e23,detrend_lin,1,31,-0.21,0.2577,-0.236,-0.525,0.156
complete_2022-11_2025-06,inc_added,large_1e23,detrend_lin,2,30,-0.265,0.1577,-0.257,-0.57,0.106
complete_2022-11_2025-06,inc_added,large_1e23,detrend_lin,3,29,-0.224,0.2436,-0.159,-0.545,0.156
