month,total_private,nonresidential,office,data_center,manufacturing,mfg_computer_electronic_electrical,flag,total_private_nsa,nonresidential_nsa,office_nsa,data_center_nsa,manufacturing_nsa,mfg_computer_electronic_electrical_nsa
1993-01-01,344175,150025,22366,,24811,1817,,24043,10613,1631,,1786,151
1993-02-01,343724,149035,21804,,23488,1718,,22794,10653,1661,,1767,143
1993-03-01,338627,148442,20809,,22800,1717,,25667,11660,1702,,1795,143
1993-04-01,342517,144221,20953,,21550,2465,,27609,11847,1818,,1758,205
1993-05-01,347364,148529,18807,,23659,2941,,29839,12449,1724,,1949,245
1993-06-01,351035,147860,19699,,21963,2398,,31842,12889,1661,,1883,200
1993-07-01,354273,145513,18683,,22933,1800,,32303,12703,1579,,1930,150
1993-08-01,361455,149217,19082,,23480,1786,,33546,13475,1659,,2033,149
1993-09-01,365314,150868,19106,,23376,1616,,34208,13710,1661,,2104,135
1993-10-01,366218,151440,19427,,23696,2027,,33414,13488,1588,,2093,169
1993-11-01,383509,156274,19360,,23787,2578,,33469,13467,1645,,2038,215
1993-12-01,395253,159605,20643,,25010,3034,,29453,13052,1672,,2237,253
1994-01-01,386847,148235,18322,,24403,2306,,26978,10541,1360,,1757,192
1994-02-01,388623,152047,18977,,24862,2666,,25459,10793,1443,,1879,222
1994-03-01,395098,159948,22331,,25912,2614,,29769,12464,1810,,2035,218
1994-04-01,404397,159650,20387,,26921,3115,,32510,13050,1748,,2202,260
1994-05-01,406337,162280,20810,,29875,3614,,35038,13640,1897,,2459,301
1994-06-01,404473,160441,19980,,28663,3707,,36752,13975,1698,,2459,309
1994-07-01,403695,158233,19258,,28246,5034,,36702,13761,1632,,2371,420
1994-08-01,404755,161620,20662,,29333,5310,,37728,14706,1803,,2531,443
1994-09-01,406085,163466,21267,,30066,5915,,38086,14933,1843,,2705,493
1994-10-01,397963,163059,20620,,30512,4727,,36364,14578,1700,,2704,394
1994-11-01,408104,168246,21808,,33727,4979,,35572,14466,1844,,2908,415
1994-12-01,406665,165270,20529,,32015,5418,,30511,13529,1665,,2838,452
1995-01-01,410972,169788,22953,,32256,4024,,28780,12225,1721,,2336,335
1995-02-01,407720,173462,22902,,33780,5472,,27075,12423,1749,,2572,456
1995-03-01,406957,178944,23160,,34291,5828,,30706,13815,1872,,2680,486
1995-04-01,405745,180257,22713,,35806,6331,,32504,14572,1902,,2922,528
1995-05-01,402756,180694,23334,,37043,5932,,34739,15244,2126,,3047,494
1995-06-01,403182,184210,23368,,35902,6048,,36579,16096,1980,,3067,504
1995-07-01,409867,185753,24088,,36957,5983,,37048,16184,2086,,3110,499
1995-08-01,406993,180948,23994,,35191,6371,,37876,16469,2083,,3029,531
1995-09-01,411442,182754,22329,,35838,7302,,38393,16641,1930,,3224,609
1995-10-01,411476,183887,22649,,35857,7621,,37639,16481,1879,,3195,635
1995-11-01,413628,181715,21929,,35508,7457,,35934,15579,1862,,3070,621
1995-12-01,417717,182144,22439,,35511,7620,,31383,14804,1805,,3114,635
1996-01-01,428026,187068,21950,,39939,8489,,30074,13630,1674,,2925,707
1996-02-01,429337,185642,23067,,37011,7111,,28733,13471,1790,,2822,593
1996-03-01,434372,184419,23367,,36821,7867,,32567,14075,1856,,2877,656
1996-04-01,442341,189505,25038,,37085,6941,,35722,15448,2085,,3012,578
1996-05-01,447219,187923,25461,,36485,7589,,38727,15886,2272,,2999,632
1996-06-01,458019,194933,28174,,37396,8381,,41488,16897,2381,,3190,698
1996-07-01,452584,189035,26330,,36034,8551,,41271,16612,2293,,3025,713
1996-08-01,459865,196246,26819,,35494,8701,,42797,17809,2331,,3075,725
1996-09-01,465833,200156,28478,,38181,12305,,43138,18036,2462,,3427,1025
1996-10-01,470927,209483,29458,,42797,13027,,43046,18743,2481,,3824,1086
1996-11-01,469598,209930,29873,,40927,9896,,40693,17970,2525,,3545,825
1996-12-01,461233,208000,29569,,38840,8480,,34764,16947,2381,,3381,707
1997-01-01,463895,208531,30713,,38762,7615,,32641,15295,2372,,2868,635
1997-02-01,465148,206553,32297,,38273,7632,,31384,15095,2520,,2903,636
1997-03-01,467193,202627,30473,,34865,6916,,35236,15577,2437,,2736,576
1997-04-01,463526,206035,29599,,36084,6568,,37462,16693,2422,,2901,547
1997-05-01,471680,207099,28443,,36177,7762,,40780,17430,2493,,2972,647
1997-06-01,471896,209596,31269,,36393,7411,,42705,18185,2659,,3097,618
1997-07-01,480433,218840,33271,,38968,8388,,43731,19250,2868,,3306,699
1997-08-01,483946,219995,34328,,38172,8066,,44816,19920,2967,,3337,672
1997-09-01,493470,222959,35154,,38597,8600,,45560,20148,3040,,3459,717
1997-10-01,496090,223110,36065,,38519,7782,,45144,19875,3100,,3430,649
1997-11-01,490912,218126,35605,,37407,6870,,42127,18444,2997,,3211,573
1997-12-01,487580,218388,36364,,39180,6838,,36826,17804,2939,,3402,570
1998-01-01,496187,219748,37910,,39333,6780,,34903,16166,2945,,2956,485
1998-02-01,500693,221382,37298,,39842,7215,,33886,16218,2931,,2988,548
1998-03-01,519814,228207,37432,,43006,10108,,39498,17680,2996,,3342,798
1998-04-01,523887,235598,39202,,41412,8769,,42524,19134,3229,,3324,689
1998-05-01,527735,234582,38972,,40807,8557,,45481,19653,3378,,3321,694
1998-06-01,545021,248234,42775,,40067,8370,,49721,21849,3638,,3482,738
1998-07-01,536373,239636,39950,,38311,7262,,49067,21190,3389,,3325,637
1998-08-01,542472,243170,39134,,41540,6898,,50244,22023,3397,,3631,613
1998-09-01,547827,242566,40125,,40743,6704,,50142,21705,3455,,3620,610
1998-10-01,549735,241654,42583,,40623,6786,,49631,21351,3686,,3605,616
1998-11-01,550932,243153,44164,,40042,6639,,47250,20635,3733,,3460,578
1998-12-01,546196,243689,44838,,40300,6924,,41394,19792,3616,,3433,547
1999-01-01,548864,242862,44242,,38716,5673,,38582,17842,3425,,2890,406
1999-02-01,559236,251260,46061,,37575,5526,,38333,18628,3593,,2824,420
1999-03-01,570031,253110,45183,,37992,5076,,44097,20058,3663,,2961,407
1999-04-01,561107,244859,44694,,35523,4794,,45757,20023,3690,,2862,389
1999-05-01,562669,242211,44733,,34976,4665,,48405,20254,3887,,2844,370
1999-06-01,572336,249433,46003,,34980,4668,,52055,21792,3906,,3056,416
1999-07-01,575881,255008,44636,,35027,4867,,52451,22316,3764,,3042,428
1999-08-01,572783,246083,45742,,34586,4609,,52743,21937,3934,,3013,415
1999-09-01,582514,247860,46525,,34161,4360,,52725,21868,4042,,3006,374
1999-10-01,589243,246803,45046,,32512,4318,,52728,21610,3907,,2874,388
1999-11-01,603727,255740,43862,,32703,4418,,51770,21836,3726,,2841,390
1999-12-01,604386,257380,43709,,34293,4338,,45824,21005,3516,,2914,345
2000-01-01,600264,247213,42558,,32449,4700,,42073,18219,3309,,2448,338
2000-02-01,617385,265200,47567,,35742,4655,,42589,19895,3695,,2674,352
2000-03-01,621553,268020,49334,,36433,4757,,48318,21397,4035,,2876,391
2000-04-01,621040,264832,50719,,36553,5226,,50472,21479,4171,,2948,437
2000-05-01,626076,275989,52588,,39979,5216,,54147,23254,4546,,3253,409
2000-06-01,620043,271873,51906,,38449,6255,,56460,23729,4401,,3356,554
2000-07-01,612019,274805,52106,,37295,6386,,55573,23855,4386,,3243,549
2000-08-01,621951,284502,54796,,38617,6795,,57345,25432,4701,,3360,618
2000-09-01,628561,289543,56252,,38456,7152,,56317,25423,4879,,3354,591
2000-10-01,630731,286731,54921,,39157,7884,,56280,25166,4788,,3444,707
2000-11-01,636061,288986,56587,,39100,8436,,54279,24549,4833,,3398,753
2000-12-01,626222,281975,58202,,38470,8582,,47579,22895,4663,,3232,694
2001-01-01,626287,278005,57565,,43224,10233,,44444,20786,4468,,3254,740
2001-02-01,624444,270735,55683,,40064,8717,,43361,20269,4277,,2993,652
2001-03-01,630602,280450,56789,,42465,8479,,49170,22408,4640,,3390,710
2001-04-01,640778,278653,53994,,40776,7369,,52269,22732,4486,,3308,628
2001-05-01,641607,281069,51841,,38921,6064,,55363,23652,4424,,3184,487
2001-06-01,650470,284499,53527,,40082,6006,,58992,24812,4545,,3492,515
2001-07-01,645593,279200,50497,,39336,5635,,58811,24274,4273,,3425,471
2001-08-01,643815,274690,46992,,38439,5521,,59210,24348,4028,,3332,502
2001-09-01,638853,270320,44443,,38751,5932,,56769,23419,3832,,3349,485
2001-10-01,639264,268404,44497,,34000,3680,,57150,23635,3919,,2983,331
2001-11-01,636361,260359,42142,,29466,2754,,54208,22146,3631,,2555,248
2001-12-01,640399,264194,39970,,30083,3159,,48589,21442,3223,,2551,260
2002-01-01,641333,263731,40176,,28116,2605,,45273,19701,3066,,2117,188
2002-02-01,642371,256668,38891,,25816,2495,,44475,19177,2934,,1959,183
2002-03-01,637762,252252,37058,,24835,2309,,49396,19989,3002,,1981,194
2002-04-01,649539,250341,37198,,24301,2233,,53283,20705,3132,,1956,193
2002-05-01,635840,241636,35652,,23650,2315,,55009,20388,3090,,1958,194
2002-06-01,636959,235344,35208,,22981,1927,,57801,20361,2940,,2008,162
2002-07-01,633982,229426,34703,,21868,1885,,58494,20082,2995,,1888,152
2002-08-01,626571,227442,34243,,20733,1702,,57953,20047,2924,,1772,151
2002-09-01,619424,224568,33767,,20028,1486,,55157,19594,2924,,1735,123
2002-10-01,625547,228572,32887,,20691,1486,,56023,20214,2911,,1819,136
2002-11-01,630314,228716,33125,,20804,1375,,53552,19408,2834,,1819,126
2002-12-01,634179,222509,31654,,20214,1408,,48023,18075,2546,,1733,118
2003-01-01,644597,226819,30925,,19598,1403,,45473,17078,2376,,1500,104
2003-02-01,643146,225646,29344,,19754,1243,,44620,16991,2233,,1510,90
2003-03-01,642886,229653,29351,,20723,1249,,49996,18199,2374,,1655,104
2003-04-01,647572,227092,28520,,20541,1249,,53195,18860,2432,,1671,109
2003-05-01,653690,232573,28785,,22072,1209,,56286,19562,2450,,1841,104
2003-06-01,662446,231498,30213,,22403,1225,,60076,20138,2600,,1933,104
2003-07-01,673624,224707,29921,,21444,1198,,62216,19608,2577,,1822,95
2003-08-01,681626,228595,30713,,21517,1195,,63234,20045,2600,,1847,105
2003-09-01,692384,233700,30994,,22317,1434,,61767,20436,2670,,1929,118
2003-10-01,702997,233121,33366,,22797,2167,,62813,20461,2915,,1987,191
2003-11-01,711373,226077,32535,,21941,1866,,60115,19009,2742,,1908,167
2003-12-01,735545,232151,32437,,21392,1793,,55584,18949,2611,,1832,152
2004-01-01,725993,227349,30793,,21253,1518,,50975,17230,2328,,1617,114
2004-02-01,727494,227051,31850,,22116,2017,,50449,17349,2507,,1698,147
2004-03-01,739934,233056,32413,,21681,2448,,57796,18785,2663,,1724,197
2004-04-01,745840,233437,32820,,21351,2394,,61177,19366,2809,,1743,208
2004-05-01,755493,232956,32664,,22122,2573,,65027,19545,2777,,1841,219
2004-06-01,760308,232519,32513,,20483,2564,,69039,20290,2828,,1774,223
2004-07-01,782149,238888,34202,,21973,2709,,72170,20602,2910,,1879,224
2004-08-01,792795,241348,32790,,22525,2871,,74001,21102,2806,,1941,250
2004-09-01,793176,246868,32627,,23193,3413,,70662,21415,2803,,2003,288
2004-10-01,797716,246581,33278,,25459,3308,,70856,21456,2855,,2230,286
2004-11-01,797420,247029,33643,,27525,3352,,67585,21055,2869,,2379,297
2004-12-01,813006,246725,33934,,28119,3909,,61438,20079,2727,,2390,327
2005-01-01,825808,250158,36903,,27578,4058,,58078,18892,2771,,2101,305
2005-02-01,840233,251796,38553,,28016,4438,,58577,19156,2963,,2110,322
2005-03-01,843537,251961,37469,,28650,4160,,65871,20350,3072,,2273,334
2005-04-01,852498,254161,38229,,27939,4107,,70376,20924,3246,,2299,359
2005-05-01,859149,255438,37947,,27051,3982,,73607,21510,3287,,2267,341
2005-06-01,868983,252025,37258,,27548,4322,,78304,21882,3230,,2369,375
2005-07-01,882652,253900,35468,,27589,3964,,81197,21660,3014,,2352,326
2005-08-01,891308,257599,35750,,29024,3802,,83376,22509,3078,,2490,329
2005-09-01,910555,263183,37948,,29048,3809,,80997,22701,3265,,2516,322
2005-10-01,924035,265451,37286,,29294,3926,,82520,23202,3168,,2553,339
2005-11-01,934747,269373,37299,,29590,3875,,78573,23076,3173,,2545,343
2005-12-01,942916,272395,38097,,29672,4092,,71177,22216,3009,,2540,343
2006-01-01,953023,277343,38860,,29698,3475,,66681,21061,2957,,2288,262
2006-02-01,958845,280283,41160,,28900,3915,,66525,21310,3189,,2182,284
2006-03-01,953676,285365,41573,,30851,3950,,74662,22958,3433,,2438,316
2006-04-01,938040,287651,43884,,31862,5087,,77512,23492,3725,,2629,445
2006-05-01,926742,292927,45024,,31848,3829,,79855,24846,3916,,2653,328
2006-06-01,914387,299334,46537,,33010,4772,,82366,26011,4029,,2854,414
2006-07-01,899889,301402,48280,,32092,4326,,82427,25612,4049,,2721,355
2006-08-01,891023,306563,48623,,35881,4294,,82813,26836,4183,,3087,370
2006-09-01,880972,307094,47777,,34212,4014,,78179,26546,4097,,2990,343
2006-10-01,866011,304567,47311,,32318,3711,,77338,26771,4057,,2831,320
2006-11-01,861135,312164,48541,,32408,3354,,71972,26665,4104,,2765,297
2006-12-01,865173,320162,50482,,32700,3182,,65567,25998,3941,,2827,268
2007-01-01,857820,320249,51815,,33382,3471,,60764,24435,3962,,2523,261
2007-02-01,863980,332339,51248,,34468,3732,,60761,25361,3945,,2575,272
2007-03-01,868219,340354,53619,,33954,2845,,67919,27347,4315,,2703,227
2007-04-01,868844,345178,51523,,35825,2914,,71702,28147,4370,,2934,254
2007-05-01,872180,358048,52676,,35234,2827,,74841,30258,4554,,2940,241
2007-06-01,875432,369495,52398,,37526,2593,,78183,31711,4458,,3243,226
2007-07-01,866607,370632,51817,,40927,2589,,78959,31666,4438,,3467,213
2007-08-01,865645,384672,54451,,40314,2167,,79880,33496,4722,,3445,186
2007-09-01,861241,395532,55553,,48027,2237,,75872,33891,4815,,4178,193
2007-10-01,856548,408729,56815,,49256,2002,,77161,36300,5006,,4281,173
2007-11-01,834014,402136,57025,,44181,1866,,69889,34518,4859,,3763,165
2007-12-01,818447,401961,56579,,47937,1740,,62947,32903,4371,,4163,147
2008-01-01,817096,414958,57686,,48190,1603,,58840,31757,4409,,3622,119
2008-02-01,797325,411129,57067,,48028,1512,,58319,32111,4576,,3680,112
2008-03-01,796908,406437,56232,,48567,1576,,62048,32545,4486,,3844,130
2008-04-01,796740,411413,56825,,49910,1917,,65400,33695,4819,,4042,169
2008-05-01,796227,414316,55081,,52617,1833,,67302,34731,4741,,4380,156
2008-06-01,782540,408045,55408,,54289,2039,,69059,34912,4764,,4655,174
2008-07-01,776343,411470,55728,,52515,2404,,69931,35174,4782,,4490,196
2008-08-01,756391,403794,55254,,54380,2305,,69057,34665,4737,,4682,198
2008-09-01,751020,410624,56122,,56654,2287,,66560,35379,4896,,5023,197
2008-10-01,741627,412323,54526,,58710,2513,,67726,36862,4770,,5216,217
2008-11-01,718137,405596,54308,,58318,2910,,60020,34567,4541,,4853,253
2008-12-01,687183,393186,50348,,58386,2907,,54351,33041,3980,,5139,246
2009-01-01,665547,381677,47834,,63869,3272,,47766,28826,3654,,4803,241
2009-02-01,650342,382404,44849,,66482,3194,,46731,28967,3469,,4910,238
2009-03-01,638312,383667,42690,,64284,3125,,49511,30330,3440,,5107,258
2009-04-01,613586,369627,41091,,63750,3230,,50547,30194,3475,,5205,284
2009-05-01,602945,365757,40822,,63219,3393,,50758,30389,3473,,5234,288
2009-06-01,591569,354227,38936,,59394,3298,,52316,30396,3356,,5126,281
2009-07-01,588845,344704,37238,,57699,3469,,52844,29581,3178,,4956,282
2009-08-01,585659,334891,35610,,55482,3975,,53426,28906,3052,,4770,341
2009-09-01,576370,322235,31681,,52194,4264,,51254,27896,2780,,4648,367
2009-10-01,563525,308583,31038,,52021,4212,,52117,28003,2705,,4589,364
2009-11-01,555858,299917,29079,,50901,4678,,46574,25981,2446,,4229,406
2009-12-01,542280,286479,28431,,42551,4239,,43027,24653,2255,,3780,361
2010-01-01,523818,268992,26888,,45115,4641,,36711,20007,2048,,3361,343
2010-02-01,522690,267569,28137,,45228,5021,,36545,20040,2148,,3341,375
2010-03-01,521538,267614,26066,,49045,6342,,40136,21256,2062,,3926,524
2010-04-01,521759,267185,25467,,45738,5811,,42899,21786,2100,,3751,509
2010-05-01,517381,264485,24354,,43094,4524,,43713,21963,2073,,3566,384
2010-06-01,514886,264369,24263,,42111,4316,,45978,22805,2087,,3646,367
2010-07-01,497237,252883,22431,,40652,4159,,45051,21823,1920,,3446,336
2010-08-01,493882,255187,23136,,38943,4223,,45858,22461,2019,,3371,362
2010-09-01,491254,253420,24289,,37552,4111,,44356,22282,2133,,3352,354
2010-10-01,494245,257733,23044,,36219,4253,,45735,23152,2054,,3182,369
2010-11-01,502623,265154,22332,,34646,4223,,42393,23250,1888,,2896,367
2010-12-01,496427,257397,22595,,31102,3793,,39623,22433,1836,,2770,326
2011-01-01,466258,225709,21912,,29987,4764,,32630,16848,1665,,2243,352
2011-02-01,469683,229621,21724,,32647,6629,,32757,17216,1650,,2415,496
2011-03-01,478764,237178,22106,,34676,6602,,36912,18845,1754,,2792,547
2011-04-01,484520,239923,22465,,34064,6234,,39793,19445,1837,,2771,541
2011-05-01,492386,246937,23500,,36799,8879,,41914,20693,1993,,3079,753
2011-06-01,510469,262949,24036,,41628,8821,,45590,22652,2066,,3590,751
2011-07-01,512517,262747,23612,,40811,8743,,45658,22151,2022,,3406,699
2011-08-01,524261,272384,24494,,42902,10009,,47964,23441,2136,,3702,859
2011-09-01,524124,273972,24199,,45106,9879,,47131,23855,2140,,4005,851
2011-10-01,523803,270982,23829,,44638,10876,,48085,24239,2132,,3880,943
2011-11-01,525055,277776,25790,,44834,10712,,44430,24413,2177,,3777,931
2011-12-01,531994,284011,26576,,46481,12606,,41966,24007,2166,,4108,1091
2012-01-01,545820,293950,25635,,43668,10731,,38748,22135,1947,,3273,794
2012-02-01,541614,294111,27389,,43965,10785,,38786,22337,2068,,3323,809
2012-03-01,549336,297053,27057,,45132,11186,,42563,23481,2154,,3631,927
2012-04-01,562968,304401,26300,,46145,10586,,45973,24484,2134,,3753,908
2012-05-01,569380,305582,26535,,46011,9803,,48461,25557,2251,,3883,832
2012-06-01,572255,302591,26430,,46496,9609,,50684,25842,2271,,3996,821
2012-07-01,578121,304534,27306,,47315,9517,,51302,25681,2340,,3949,754
2012-08-01,582028,302812,28077,,46790,8609,,52756,26020,2446,,4065,743
2012-09-01,591627,305507,28753,,47936,8733,,52742,26427,2553,,4221,754
2012-10-01,600532,306335,29073,,48505,8791,,55165,27508,2602,,4269,763
2012-11-01,597939,301430,28397,,48213,8508,,50627,26390,2398,,4068,737
2012-12-01,603681,304580,27991,,49105,8581,,47285,25500,2283,,4342,752
2013-01-01,596538,292746,28823,,49235,7775,,42386,22000,2186,,3727,576
2013-02-01,601501,292424,27786,,50552,7456,,42176,21870,2095,,3737,569
2013-03-01,602332,290250,28359,,50400,7414,,46805,22959,2264,,4024,612
2013-04-01,609725,293188,27626,,49566,7496,,50395,24083,2238,,4029,639
2013-05-01,619589,297883,28113,,48010,5651,,53390,25417,2381,,4037,472
2013-06-01,627431,302661,27888,,49633,6836,,55980,26188,2398,,4210,581
2013-07-01,644727,316339,29318,,55194,8008,,58174,27423,2519,,4653,629
2013-08-01,655213,319524,30038,,54150,7077,,59570,27958,2611,,4693,619
2013-09-01,665438,325461,31500,,51670,7762,,59615,28455,2814,,4553,675
2013-10-01,680200,333928,32580,,52232,7751,,61815,29617,2909,,4605,679
2013-11-01,694031,340714,34125,,52525,7780,,58103,29201,2889,,4421,671
2013-12-01,709465,348710,34857,,57978,10117,,55492,29089,2830,,5146,879
2014-01-01,722261,353903,35629,1637.0,55426,7652,,51338,26635,2701,124.0,4215,578
2014-02-01,723297,359437,35632,1740.0,53740,7227,,50956,26849,2686,131.0,3989,552
2014-03-01,724943,355615,35293,1680.0,51172,6605,,56484,27865,2817,134.0,4047,538
2014-04-01,735396,360049,38601,1802.0,53868,6042,,60585,29297,3136,146.0,4352,501
2014-05-01,733512,356841,38291,1814.0,53158,5939,,62984,30092,3243,154.0,4411,495
2014-06-01,732600,360030,39271,1747.0,58530,5282,,65346,31039,3383,151.0,4987,446
2014-07-01,732523,359951,38962,1786.0,57665,4481,,65512,30791,3351,154.0,4902,357
2014-08-01,733625,360732,39245,1962.0,59052,4159,,65684,30956,3406,170.0,5070,359
2014-09-01,745152,363100,40699,1922.0,61635,4079,,66550,31759,3632,171.0,5470,357
2014-10-01,759835,373536,41513,1826.0,70768,4154,,68714,33273,3688,162.0,6238,366
2014-11-01,764621,373100,40546,1952.0,73302,3518,,64232,31986,3442,166.0,6086,297
2014-12-01,772232,370648,41829,1659.0,71119,3205,,60779,31164,3381,134.0,6372,287
2015-01-01,779888,374782,42861,1921.0,76229,3234,,55746,28359,3253,146.0,5884,244
2015-02-01,792218,382163,43717,1934.0,79694,3204,,56381,28790,3306,146.0,5974,252
2015-03-01,803292,393447,44805,2136.0,80123,3330,,63576,31235,3572,170.0,6400,272
2015-04-01,822724,407690,46409,2308.0,82248,3134,,68166,33498,3789,189.0,6675,253
2015-05-01,841043,418064,49359,3343.0,83638,3403,,72291,35423,4178,283.0,7023,282
2015-06-01,858543,424797,52110,3930.0,87946,2460,,76760,36820,4506,341.0,7547,208
2015-07-01,854050,414231,47544,2684.0,82296,4206,,76616,35665,4101,231.0,7028,337
2015-08-01,858720,419103,49414,2837.0,83628,3836,,76621,36078,4279,246.0,7130,333
2015-09-01,864919,416898,48798,2800.0,86539,3533,,76776,36360,4337,249.0,7558,306
2015-10-01,859721,411466,48159,2754.0,84557,3750,,76643,35977,4253,243.0,7361,330
2015-11-01,857944,410953,50424,2975.0,83469,3880,,71705,34731,4276,252.0,6902,330
2015-12-01,858325,405378,49894,3094.0,79245,4062,,67067,33643,4013,249.0,6902,365
2016-01-01,857535,401068,50683,3155.0,77111,2611,,61355,30384,3865,241.0,5942,198
2016-02-01,871758,409310,54829,3798.0,79181,2535,,63052,31352,4162,288.0,6073,198
2016-03-01,888771,419150,55474,4118.0,80125,1872,,71063,33534,4421,328.0,6489,152
2016-04-01,891344,422929,57365,4415.0,79989,1880,,73906,34762,4709,363.0,6459,150
2016-05-01,899820,430910,57176,4150.0,81361,1966,,77528,36669,4848,352.0,6794,161
2016-06-01,916207,441636,60032,4555.0,82181,2132,,81770,38298,5196,395.0,7076,181
2016-07-01,922354,445429,61422,4247.0,81731,1924,,82193,38057,5309,367.0,6901,156
2016-08-01,929077,448016,62814,4581.0,79882,2031,,83117,38805,5441,397.0,6890,177
2016-09-01,934515,451562,63241,4220.0,77125,1967,,82548,39241,5583,373.0,6771,172
2016-10-01,943099,446695,63377,3703.0,74966,1641,,83371,38805,5565,325.0,6476,146
2016-11-01,963058,458428,65110,3956.0,76758,1813,,80823,38900,5510,335.0,6479,154
2016-12-01,973669,461342,64316,4464.0,75736,1736,,75446,37949,5149,357.0,6523,154
2017-01-01,968218,456263,62978,3988.0,72294,1583,,69495,34781,4802,303.0,5551,122
2017-02-01,980206,448275,60356,4216.0,69401,1266,,70575,34176,4600,322.0,5291,100
2017-03-01,976383,448733,60197,3990.0,71397,1537,,78392,36026,4810,316.0,5838,126
2017-04-01,979126,445581,60376,4233.0,70809,1765,,81240,36644,4988,354.0,5678,139
2017-05-01,984190,448120,59565,5032.0,73130,1908,,85182,38271,5032,441.0,6132,154
2017-06-01,981121,445269,60209,4577.0,70256,1845,,87598,38512,5205,410.0,6004,155
2017-07-01,979486,438327,58627,4665.0,70113,1941,,87642,37369,5058,409.0,5877,157
2017-08-01,978741,437042,57421,4393.0,67577,2416,,87867,37910,4994,387.0,5846,208
2017-09-01,983748,439632,58071,4686.0,68197,2479,,86785,38091,5137,416.0,5993,216
2017-10-01,980997,442384,59408,4963.0,68650,2685,,86461,38459,5206,407.0,5994,240
2017-11-01,1003620,441660,61116,5460.0,69370,2916,,84356,37403,5140,441.0,5786,248
2017-12-01,1013068,447363,62243,5739.0,69661,3105,,77711,36646,4946,461.0,5982,275
2018-01-01,1039176,466488,61953,6078.0,68483,3850,,74890,35829,4738,462.0,5320,297
2018-02-01,1054716,477743,64524,6236.0,71380,4486,,76343,36628,4936,476.0,5482,351
2018-03-01,1042047,470243,64060,6469.0,69387,4348,,83797,37752,5156,515.0,5650,358
2018-04-01,1043701,471306,64539,6562.0,69761,4405,,86851,38852,5348,541.0,5563,354
2018-05-01,1048301,471771,66837,6987.0,71421,5868,,90714,40303,5662,620.0,5993,484
2018-06-01,1029602,461364,65598,7055.0,71323,5183,,91625,39842,5699,639.0,6081,444
2018-07-01,1019909,461241,67061,7452.0,70142,5443,,91138,39414,5795,654.0,5925,445
2018-08-01,1016085,467238,68707,7004.0,74467,5924,,91302,40429,5965,604.0,6464,520
2018-09-01,1014390,463480,68540,6287.0,74308,6307,,89354,40012,6041,553.0,6495,542
2018-10-01,1003970,463215,70796,7864.0,73409,6218,,87878,40308,6177,648.0,6460,544
2018-11-01,993150,454053,68474,7103.0,73761,6587,,83518,38239,5720,574.0,6134,550
2018-12-01,982219,463379,70816,8048.0,76604,6904,,75606,37850,5600,647.0,6439,597
2019-01-01,976389,458298,71955,8116.0,76960,6537,,71465,35406,5521,631.0,5985,511
2019-02-01,981524,464931,72129,8034.0,80719,6893,,71600,35761,5537,614.0,6237,542
2019-03-01,991533,474613,73168,7640.0,81030,7424,,79834,38188,5932,613.0,6641,611
2019-04-01,1000454,479142,74633,7849.0,81723,7987,,83389,39693,6205,645.0,6606,640
2019-05-01,1018874,489946,76366,8740.0,80906,7963,,87752,41651,6465,769.0,6774,653
2019-06-01,1038781,498353,75568,8885.0,81293,8380,,91813,42829,6563,794.0,6892,716
2019-07-01,1060926,508639,80445,8826.0,81281,8610,,94648,43573,6958,773.0,6922,708
2019-08-01,1078349,519017,82817,8829.0,80950,9308,,96696,44783,7191,763.0,6998,818
2019-09-01,1085560,521450,79572,8120.0,81128,9010,,95359,44878,7001,711.0,6995,772
2019-10-01,1095611,524994,81040,9123.0,78947,9490,,95491,45572,7066,757.0,6916,831
2019-11-01,1113401,532580,81931,9609.0,81211,8434,,93153,44696,6791,774.0,6794,703
2019-12-01,1113781,527548,80025,7920.0,80666,9317,,85493,43110,6306,639.0,6778,801
2020-01-01,1120743,523305,84149,9443.0,79140,9393,,82263,40666,6482,747.0,6132,738
2020-02-01,1124840,517917,85308,9696.0,77721,9146,,82747,40587,6550,743.0,6119,721
2020-03-01,1128494,513409,84246,9445.0,78037,9731,,91322,41583,6862,759.0,6410,800
2020-04-01,1088976,494554,79128,8932.0,73748,9753,,91032,41091,6598,735.0,5996,785
2020-05-01,1075169,491124,80744,8695.0,73009,8799,,92644,41461,6834,757.0,6089,719
2020-06-01,1086405,496587,82540,8973.0,74577,9741,,96607,42683,7149,788.0,6329,828
2020-07-01,1105167,494667,80728,8750.0,75713,9823,,98905,42289,6987,765.0,6416,814
2020-08-01,1125651,484292,78950,9102.0,73955,8354,,101228,41567,6864,792.0,6350,732
2020-09-01,1147288,483457,79383,10101.0,72990,9208,,101043,41803,6972,883.0,6385,786
2020-10-01,1173773,487239,77955,9290.0,74754,9526,,101848,42088,6772,775.0,6502,837
2020-11-01,1185858,481796,76760,9229.0,73276,8555,,98737,40322,6353,743.0,6055,713
2020-12-01,1206982,481011,77420,9199.0,74405,8106,,91994,39504,6102,744.0,6287,694
2021-01-01,1231346,485203,78188,9257.0,76095,7185,,89798,37671,6035,739.0,5884,569
2021-02-01,1216647,480025,76140,9061.0,75628,7801,,88254,37281,5862,695.0,5870,616
2021-03-01,1248125,493114,79715,10274.0,77623,8157,,101322,40181,6504,827.0,6451,671
2021-04-01,1255847,488926,78051,9401.0,76360,7558,,105079,40602,6519,780.0,6231,609
2021-05-01,1266819,487369,78118,9326.0,76120,7651,,109416,40933,6597,800.0,6314,624
2021-06-01,1284899,493668,77444,9312.0,78853,10741,,114686,42441,6699,806.0,6746,910
2021-07-01,1304523,497140,77764,9752.0,80354,11417,,117175,42446,6731,851.0,6775,953
2021-08-01,1307326,495639,77091,10495.0,80969,10924,,118128,42661,6722,923.0,6964,952
2021-09-01,1321069,499062,77484,10834.0,82572,11260,,116341,43073,6788,947.0,7154,959
2021-10-01,1337723,504308,76312,9686.0,86806,17719,,115614,43450,6603,812.0,7572,1561
2021-11-01,1373561,516285,77574,10578.0,93089,21553,,113922,43353,6421,851.0,7743,1795
2021-12-01,1403633,518626,76645,11324.0,94158,21991,,106018,42460,6065,918.0,7930,1875
2022-01-01,1445883,532787,77632,10959.0,97509,26223,,104767,41347,6008,877.0,7565,2084
2022-02-01,1476018,542113,78285,10564.0,99889,27398,,106560,42131,6027,810.0,7779,2164
2022-03-01,1506195,549284,78798,11307.0,103706,27869,,122206,44876,6427,912.0,8595,2300
2022-04-01,1537502,569383,81447,12160.0,111085,29809,,128716,47277,6813,1017.0,9104,2404
2022-05-01,1553806,577187,81055,12126.0,115492,33874,,135661,48493,6825,1030.0,9568,2758
2022-06-01,1541148,585925,81177,12190.0,116021,33610,,138532,50235,6998,1043.0,9853,2840
2022-07-01,1536020,604904,81730,12751.0,126354,42510,,138366,51528,7069,1109.0,10650,3571
2022-08-01,1525685,609720,83674,13142.0,127534,45062,,138500,52762,7320,1162.0,11032,3907
2022-09-01,1524313,628279,85837,14571.0,138747,52059,,133784,54178,7501,1274.0,11922,4412
2022-10-01,1520266,633579,84657,12816.0,140746,58824,,130913,54627,7300,1076.0,12290,5200
2022-11-01,1522761,649673,85716,13855.0,152488,61138,,125498,54688,7127,1120.0,12754,5084
2022-12-01,1523013,663906,87411,14244.0,158606,69758,,115720,54324,6956,1153.0,13347,5934
2023-01-01,1546332,692679,87862,15589.0,171641,78453,,113295,53972,6812,1246.0,13458,6269
2023-02-01,1551988,705057,88818,17920.0,178626,83081,,113827,54866,6841,1374.0,13939,6553
2023-03-01,1569695,719951,88688,18015.0,186920,89989,,127143,58776,7208,1458.0,15470,7447
2023-04-01,1591361,739944,87516,17943.0,198793,99462,,132715,61219,7320,1509.0,16185,8014
2023-05-01,1603718,744075,88366,18232.0,197205,97444,,139807,62533,7421,1543.0,16319,7923
2023-06-01,1616371,748961,87555,18735.0,200404,99266,,144450,64019,7513,1595.0,17001,8397
2023-07-01,1629197,750507,86300,19641.0,201682,97974,,145470,63688,7455,1701.0,16968,8277
2023-08-01,1644639,763653,87440,20498.0,206082,100858,,148397,66116,7687,1814.0,17795,8690
2023-09-01,1645484,767476,87800,21285.0,204657,100355,,144037,66008,7668,1862.0,17540,8477
2023-10-01,1661309,778593,87815,23720.0,218447,112591,,143341,67263,7551,1995.0,19125,9942
2023-11-01,1684249,789883,88346,23864.0,226521,121004,,138767,66386,7350,1935.0,18894,10102
2023-12-01,1683572,791368,87235,24238.0,229932,120840,,128908,64917,6997,1963.0,19358,10272
2024-01-01,1703229,788246,87227,26412.0,233135,121542,,125302,61764,6788,2104.0,18408,9740
2024-02-01,1722695,791119,89029,28319.0,234617,122430,,127767,62437,6848,2170.0,18378,9644
2024-03-01,1721473,795690,88947,30172.0,237892,120165,,138831,64896,7207,2447.0,19660,9936
2024-04-01,1718967,786264,85609,28069.0,241693,123474,,143523,65253,7154,2359.0,19744,9945
2024-05-01,1730052,789040,89114,32271.0,242393,123657,,150792,66264,7494,2740.0,20084,10091
2024-06-01,1740057,799022,92969,35304.0,247995,126353,,155248,67950,7941,3007.0,21016,10674
2024-07-01,1731099,796738,93625,36124.0,247030,125630,,155356,67780,8079,3123.0,20914,10632
2024-08-01,1729954,802435,93183,36668.0,248760,123318,,156193,69139,8208,3235.0,21405,10606
2024-09-01,1745310,802283,92147,37576.0,249116,124758,,152969,68600,8050,3287.0,21187,10518
2024-10-01,1734116,797492,93113,40048.0,245317,117978,,150023,68994,7975,3370.0,21488,10381
2024-11-01,1732657,807746,95146,40951.0,248954,120506,,142128,67839,7904,3333.0,20840,10093
2024-12-01,1733436,804706,99316,44703.0,240906,115912,,132702,66182,8010,3622.0,20227,9836
2025-01-01,1730749,803294,102225,45341.0,236433,115494,,126844,63011,7970,3592.0,18663,9292
2025-02-01,1733723,805729,102795,46409.0,236203,113692,,127210,62926,7897,3554.0,18419,8969
2025-03-01,1715490,795337,102854,46593.0,226015,109301,,137885,64728,8324,3784.0,18585,9010
2025-04-01,1719778,806145,109064,52818.0,226249,107194,,143538,67046,9098,4422.0,18573,8621
2025-05-01,1704604,790988,102760,48210.0,222469,104774,,148139,66417,8659,4110.0,18464,8597
2025-06-01,1702574,782127,100575,46850.0,218322,99493,,151800,66395,8602,4013.0,18437,8390
2025-07-01,1708210,781119,101666,47810.0,214353,96684,,153762,66506,8772,4133.0,18141,8169
2025-08-01,1707389,780447,103300,49052.0,209798,95374,,154439,67174,9101,4312.0,18051,8202
2025-09-01,1704370,773148,104376,50700.0,203744,90222,,150244,66494,9118,4430.0,17406,7612
2025-10-01,1698501,776782,108898,54260.0,201570,84387,,147104,67098,9326,4573.0,17630,7408
2025-11-01,1680122,764064,105503,53043.0,194125,78014,,137624,64101,8756,4326.0,16235,6546
2025-12-01,1681128,750768,107066,55461.0,180751,70760,,128593,61846,8646,4488.0,15216,6010
2026-01-01,1660791,748601,105913,56211.0,183241,66997,,120748,58568,8295,4477.0,14288,5359
2026-02-01,1654750,747319,106772,57361.0,180864,64071,,121088,58514,8287,4466.0,14054,5048
2026-03-01,1663330,745125,107164,58121.0,178488,61393,,133964,60870,8761,4781.0,14665,5048
2026-04-01,1627358,745266,111220,61859.0,175033,57885,,135757,62046,9325,5198.0,14374,4682
2026-05-01,1624146,749441,115159,65688.0,171381,54756,r,140668,62977,9778,5627.0,14265,4494
2026-06-01,1622949,752375,119328,70755.0,169106,52411,r,144543,64137,10268,6122.0,14326,4391
2026-07-01,1614171,755169,123318,75166.0,167805,51304,p,144923,64251,10683,6551.0,14186,4306
