month,emp_thousands
1990-01-01,213.7
1990-02-01,213.0
1990-03-01,213.6
1990-04-01,212.4
1990-05-01,212.1
1990-06-01,212.5
1990-07-01,211.7
1990-08-01,209.7
1990-09-01,210.1
1990-10-01,210.0
1990-11-01,209.2
1990-12-01,209.3
1991-01-01,211.1
1991-02-01,210.5
1991-03-01,210.3
1991-04-01,210.9
1991-05-01,211.5
1991-06-01,212.7
1991-07-01,214.4
1991-08-01,214.7
1991-09-01,214.2
1991-10-01,214.4
1991-11-01,214.3
1991-12-01,214.8
1992-01-01,215.7
1992-02-01,217.3
1992-03-01,219.1
1992-04-01,218.4
1992-05-01,217.1
1992-06-01,217.5
1992-07-01,217.9
1992-08-01,219.5
1992-09-01,221.3
1992-10-01,222.7
1992-11-01,223.9
1992-12-01,224.3
1993-01-01,224.5
1993-02-01,225.3
1993-03-01,223.5
1993-04-01,222.9
1993-05-01,223.7
1993-06-01,223.8
1993-07-01,223.7
1993-08-01,223.3
1993-09-01,222.7
1993-10-01,221.4
1993-11-01,222.6
1993-12-01,222.9
1994-01-01,222.5
1994-02-01,222.3
1994-03-01,221.7
1994-04-01,223.7
1994-05-01,224.6
1994-06-01,226.4
1994-07-01,227.2
1994-08-01,227.8
1994-09-01,229.6
1994-10-01,231.7
1994-11-01,231.9
1994-12-01,233.3
1995-01-01,233.3
1995-02-01,236.7
1995-03-01,239.8
1995-04-01,241.1
1995-05-01,242.7
1995-06-01,241.9
1995-07-01,243.1
1995-08-01,244.6
1995-09-01,245.5
1995-10-01,246.5
1995-11-01,247.7
1995-12-01,248.5
1996-01-01,246.4
1996-02-01,249.7
1996-03-01,249.8
1996-04-01,250.1
1996-05-01,249.8
1996-06-01,250.1
1996-07-01,250.1
1996-08-01,253.2
1996-09-01,253.4
1996-10-01,255.3
1996-11-01,257.6
1996-12-01,259.0
1997-01-01,261.6
1997-02-01,262.8
1997-03-01,265.0
1997-04-01,266.3
1997-05-01,268.6
1997-06-01,271.1
1997-07-01,270.3
1997-08-01,269.6
1997-09-01,270.6
1997-10-01,270.8
1997-11-01,271.4
1997-12-01,273.0
1998-01-01,272.1
1998-02-01,272.5
1998-03-01,273.7
1998-04-01,275.2
1998-05-01,278.8
1998-06-01,282.7
1998-07-01,283.7
1998-08-01,285.2
1998-09-01,288.0
1998-10-01,291.1
1998-11-01,293.6
1998-12-01,296.5
1999-01-01,298.3
1999-02-01,301.5
1999-03-01,303.0
1999-04-01,305.2
1999-05-01,306.4
1999-06-01,307.8
1999-07-01,309.3
1999-08-01,310.3
1999-09-01,311.0
1999-10-01,310.9
1999-11-01,311.2
1999-12-01,311.2
2000-01-01,313.1
2000-02-01,313.2
2000-03-01,314.2
2000-04-01,316.8
2000-05-01,314.8
2000-06-01,317.1
2000-07-01,315.6
2000-08-01,316.0
2000-09-01,315.1
2000-10-01,316.3
2000-11-01,319.5
2000-12-01,318.1
2001-01-01,318.9
2001-02-01,319.0
2001-03-01,321.8
2001-04-01,318.4
2001-05-01,318.7
2001-06-01,317.5
2001-07-01,317.7
2001-08-01,316.3
2001-09-01,316.3
2001-10-01,314.7
2001-11-01,311.5
2001-12-01,312.0
2002-01-01,311.3
2002-02-01,310.3
2002-03-01,308.5
2002-04-01,307.6
2002-05-01,305.8
2002-06-01,304.1
2002-07-01,303.0
2002-08-01,302.8
2002-09-01,301.3
2002-10-01,300.9
2002-11-01,296.7
2002-12-01,294.3
2003-01-01,290.0
2003-02-01,287.5
2003-03-01,285.9
2003-04-01,284.3
2003-05-01,282.6
2003-06-01,280.4
2003-07-01,280.1
2003-08-01,277.6
2003-09-01,275.2
2003-10-01,273.9
2003-11-01,272.4
2003-12-01,271.2
2004-01-01,269.7
2004-02-01,268.3
2004-03-01,268.3
2004-04-01,268.4
2004-05-01,268.3
2004-06-01,269.3
2004-07-01,267.9
2004-08-01,265.6
2004-09-01,266.2
2004-10-01,265.4
2004-11-01,266.0
2004-12-01,265.2
2005-01-01,265.4
2005-02-01,265.3
2005-03-01,264.4
2005-04-01,263.1
2005-05-01,262.6
2005-06-01,261.8
2005-07-01,260.2
2005-08-01,261.0
2005-09-01,260.8
2005-10-01,262.3
2005-11-01,261.8
2005-12-01,262.4
2006-01-01,262.6
2006-02-01,262.8
2006-03-01,264.6
2006-04-01,261.9
2006-05-01,261.0
2006-06-01,264.3
2006-07-01,261.9
2006-08-01,262.3
2006-09-01,263.1
2006-10-01,262.7
2006-11-01,265.9
2006-12-01,264.2
2007-01-01,264.0
2007-02-01,264.6
2007-03-01,267.3
2007-04-01,268.3
2007-05-01,269.5
2007-06-01,268.3
2007-07-01,271.3
2007-08-01,268.5
2007-09-01,268.0
2007-10-01,267.5
2007-11-01,266.4
2007-12-01,266.5
2008-01-01,265.9
2008-02-01,266.2
2008-03-01,264.0
2008-04-01,263.0
2008-05-01,262.9
2008-06-01,261.2
2008-07-01,259.4
2008-08-01,257.9
2008-09-01,257.2
2008-10-01,256.4
2008-11-01,255.1
2008-12-01,252.7
2009-01-01,252.1
2009-02-01,250.1
2009-03-01,250.3
2009-04-01,249.8
2009-05-01,248.2
2009-06-01,248.4
2009-07-01,247.9
2009-08-01,250.0
2009-09-01,247.9
2009-10-01,245.8
2009-11-01,244.8
2009-12-01,245.6
2010-01-01,244.5
2010-02-01,245.1
2010-03-01,243.3
2010-04-01,243.5
2010-05-01,242.9
2010-06-01,242.4
2010-07-01,242.6
2010-08-01,241.5
2010-09-01,242.4
2010-10-01,242.4
2010-11-01,242.5
2010-12-01,242.9
2011-01-01,242.8
2011-02-01,242.6
2011-03-01,243.7
2011-04-01,244.1
2011-05-01,245.9
2011-06-01,245.6
2011-07-01,245.4
2011-08-01,246.1
2011-09-01,246.4
2011-10-01,247.6
2011-11-01,250.5
2011-12-01,248.3
2012-01-01,247.9
2012-02-01,249.6
2012-03-01,251.9
2012-04-01,252.1
2012-05-01,253.5
2012-06-01,253.8
2012-07-01,254.5
2012-08-01,257.1
2012-09-01,256.4
2012-10-01,259.0
2012-11-01,260.8
2012-12-01,262.1
2013-01-01,264.1
2013-02-01,265.0
2013-03-01,265.8
2013-04-01,266.6
2013-05-01,268.5
2013-06-01,270.4
2013-07-01,271.4
2013-08-01,271.5
2013-09-01,272.1
2013-10-01,272.1
2013-11-01,273.4
2013-12-01,274.5
2014-01-01,275.0
2014-02-01,275.0
2014-03-01,275.5
2014-04-01,276.4
2014-05-01,276.5
2014-06-01,277.1
2014-07-01,279.2
2014-08-01,280.7
2014-09-01,282.2
2014-10-01,284.7
2014-11-01,285.3
2014-12-01,286.9
2015-01-01,291.2
2015-02-01,292.3
2015-03-01,293.4
2015-04-01,292.8
2015-05-01,295.9
2015-06-01,297.3
2015-07-01,297.6
2015-08-01,297.9
2015-09-01,298.8
2015-10-01,298.1
2015-11-01,299.3
2015-12-01,299.3
2016-01-01,295.8
2016-02-01,297.4
2016-03-01,298.3
2016-04-01,300.0
2016-05-01,300.0
2016-06-01,302.5
2016-07-01,303.7
2016-08-01,306.5
2016-09-01,308.3
2016-10-01,309.4
2016-11-01,305.7
2016-12-01,313.0
2017-01-01,314.6
2017-02-01,312.0
2017-03-01,312.9
2017-04-01,314.5
2017-05-01,316.4
2017-06-01,317.2
2017-07-01,319.7
2017-08-01,320.6
2017-09-01,320.6
2017-10-01,321.9
2017-11-01,322.7
2017-12-01,324.0
2018-01-01,325.0
2018-02-01,328.2
2018-03-01,329.7
2018-04-01,330.9
2018-05-01,331.8
2018-06-01,333.3
2018-07-01,331.5
2018-08-01,330.4
2018-09-01,332.4
2018-10-01,333.2
2018-11-01,333.2
2018-12-01,331.5
2019-01-01,330.9
2019-02-01,333.9
2019-03-01,336.1
2019-04-01,336.9
2019-05-01,338.0
2019-06-01,340.4
2019-07-01,345.1
2019-08-01,347.9
2019-09-01,349.1
2019-10-01,351.0
2019-11-01,353.0
2019-12-01,355.8
2020-01-01,364.1
2020-02-01,363.8
2020-03-01,364.9
2020-04-01,360.1
2020-05-01,356.6
2020-06-01,364.2
2020-07-01,365.7
2020-08-01,355.4
2020-09-01,357.5
2020-10-01,365.0
2020-11-01,365.9
2020-12-01,367.6
2021-01-01,366.5
2021-02-01,372.1
2021-03-01,375.1
2021-04-01,386.5
2021-05-01,387.7
2021-06-01,399.6
2021-07-01,405.9
2021-08-01,412.8
2021-09-01,420.4
2021-10-01,427.0
2021-11-01,431.9
2021-12-01,433.8
2022-01-01,441.0
2022-02-01,445.6
2022-03-01,448.6
2022-04-01,455.1
2022-05-01,461.0
2022-06-01,464.4
2022-07-01,468.8
2022-08-01,473.7
2022-09-01,479.1
2022-10-01,481.7
2022-11-01,483.0
2022-12-01,485.8
2023-01-01,484.8
2023-02-01,483.6
2023-03-01,483.3
2023-04-01,485.2
2023-05-01,484.9
2023-06-01,485.5
2023-07-01,488.6
2023-08-01,489.2
2023-09-01,485.3
2023-10-01,484.1
2023-11-01,483.8
2023-12-01,484.2
2024-01-01,483.5
2024-02-01,482.6
2024-03-01,482.6
2024-04-01,483.2
2024-05-01,481.7
2024-06-01,481.8
2024-07-01,480.3
2024-08-01,481.3
2024-09-01,481.5
2024-10-01,478.6
2024-11-01,478.6
2024-12-01,480.9
2025-01-01,481.3
2025-02-01,482.4
2025-03-01,482.9
2025-04-01,481.3
2025-05-01,481.2
2025-06-01,481.4
2025-07-01,480.0
2025-08-01,479.4
2025-09-01,476.3
2025-10-01,480.7
2025-11-01,479.6
2025-12-01,472.9
2026-01-01,467.5
2026-02-01,463.8
2026-03-01,464.0
2026-04-01,462.3
2026-05-01,465.7
2026-06-01,460.0
2026-07-01,461.0
2026-08-01,453.3
