month,computers_sa,computers_nsa,cpi_all_sa,computers_yoy_pct,computers_nsa_yoy_pct,cpi_all_yoy_pct
2005-01-01,155.7,156.3,191.6,,,
2005-02-01,151.0,151.5,192.4,,,
2005-03-01,149.4,150.5,193.1,,,
2005-04-01,147.9,149.9,193.7,,,
2005-05-01,146.5,147.6,193.6,,,
2005-06-01,145.0,145.0,193.7,,,
2005-07-01,142.9,142.9,194.9,,,
2005-08-01,139.6,139.0,196.1,,,
2005-09-01,138.9,137.7,198.8,,,
2005-10-01,137.1,136.4,199.1,,,
2005-11-01,135.2,133.9,198.1,,,
2005-12-01,132.0,131.1,198.1,,,
2006-01-01,129.0,129.4,199.3,-17.148,-17.21,4.019
2006-02-01,128.4,128.7,199.4,-14.967,-15.05,3.638
2006-03-01,126.6,127.9,199.7,-15.261,-15.017,3.418
2006-04-01,123.0,124.6,200.7,-16.836,-16.878,3.614
2006-05-01,120.7,121.3,201.3,-17.611,-17.818,3.977
2006-06-01,119.8,119.6,201.8,-17.379,-17.517,4.182
2006-07-01,118.9,118.7,202.9,-16.795,-16.935,4.105
2006-08-01,119.3,118.7,203.8,-14.542,-14.604,3.927
2006-09-01,118.0,117.2,202.8,-15.047,-14.887,2.012
2006-10-01,116.5,116.0,201.9,-15.026,-14.956,1.406
2006-11-01,116.1,115.2,202.0,-14.127,-13.966,1.969
2006-12-01,116.6,115.8,203.1,-11.667,-11.67,2.524
2007-01-01,114.181,114.797,203.437,-11.488,-11.285,2.076
2007-02-01,113.382,113.852,204.226,-11.696,-11.537,2.42
2007-03-01,112.815,114.035,205.288,-10.889,-10.841,2.798
2007-04-01,112.435,113.827,205.904,-8.589,-8.646,2.593
2007-05-01,111.106,111.582,206.755,-7.949,-8.012,2.71
2007-06-01,108.948,108.55,207.234,-9.058,-9.239,2.693
2007-07-01,107.748,107.439,207.603,-9.379,-9.487,2.318
2007-08-01,106.992,106.575,207.667,-10.317,-10.215,1.897
2007-09-01,106.502,105.806,208.547,-9.744,-9.722,2.834
2007-10-01,104.846,104.336,209.19,-10.003,-10.055,3.611
2007-11-01,100.868,100.104,210.834,-13.12,-13.104,4.373
2007-12-01,100.871,100.0,211.445,-13.49,-13.644,4.109
2008-01-01,100.636,100.998,212.174,-11.863,-12.02,4.295
2008-02-01,99.944,100.545,212.687,-11.852,-11.688,4.143
2008-03-01,99.27,100.359,213.448,-12.006,-11.993,3.975
2008-04-01,97.527,98.853,213.942,-13.259,-13.155,3.904
2008-05-01,96.561,97.028,215.208,-13.091,-13.043,4.088
2008-06-01,96.037,95.663,217.463,-11.851,-11.872,4.936
2008-07-01,94.899,94.711,219.016,-11.925,-11.847,5.498
2008-08-01,93.421,92.921,218.69,-12.684,-12.812,5.308
2008-09-01,91.531,90.797,218.877,-14.057,-14.185,4.953
2008-10-01,90.404,89.945,216.995,-13.774,-13.793,3.731
2008-11-01,89.514,88.984,213.153,-11.256,-11.108,1.1
2008-12-01,89.262,88.529,211.398,-11.509,-11.471,-0.022
2009-01-01,88.389,88.522,211.933,-12.17,-12.353,-0.114
2009-02-01,87.074,87.696,212.705,-12.877,-12.779,0.008
2009-03-01,85.182,86.213,212.495,-14.192,-14.095,-0.446
2009-04-01,84.491,85.714,212.709,-13.367,-13.291,-0.576
2009-05-01,83.826,84.366,213.022,-13.189,-13.05,-1.016
2009-06-01,83.609,83.476,214.79,-12.941,-12.74,-1.229
2009-07-01,80.941,80.838,214.726,-14.708,-14.648,-1.959
2009-08-01,79.016,78.576,215.445,-15.419,-15.438,-1.484
2009-09-01,78.82,77.997,215.861,-13.887,-14.097,-1.378
2009-10-01,78.823,78.213,216.509,-12.81,-13.044,-0.224
2009-11-01,78.661,78.077,217.234,-12.124,-12.257,1.915
2009-12-01,78.523,77.96,217.347,-12.031,-11.938,2.814
2010-01-01,78.18,78.323,217.488,-11.55,-11.521,2.621
2010-02-01,77.45,77.961,217.281,-11.053,-11.101,2.151
2010-03-01,77.649,78.385,217.353,-8.843,-9.08,2.286
2010-04-01,77.154,78.234,217.403,-8.684,-8.727,2.207
2010-05-01,76.192,76.676,217.29,-9.107,-9.115,2.004
2010-06-01,75.584,75.751,217.199,-9.598,-9.254,1.122
2010-07-01,75.907,75.912,217.605,-6.219,-6.094,1.341
2010-08-01,76.305,75.798,217.923,-3.431,-3.535,1.15
2010-09-01,76.46,75.57,218.275,-2.994,-3.112,1.118
2010-10-01,75.88,75.385,219.035,-3.734,-3.616,1.167
2010-11-01,75.38,74.969,219.59,-4.171,-3.981,1.085
2010-12-01,74.179,73.559,220.472,-5.532,-5.645,1.438
2011-01-01,72.941,72.947,221.187,-6.701,-6.864,1.701
2011-02-01,72.287,72.709,221.898,-6.666,-6.737,2.125
2011-03-01,71.509,72.073,223.046,-7.907,-8.053,2.619
2011-04-01,71.106,72.01,224.093,-7.839,-7.956,3.077
2011-05-01,70.499,70.898,224.806,-7.472,-7.536,3.459
2011-06-01,68.854,69.125,224.806,-8.904,-8.747,3.502
2011-07-01,68.685,68.788,225.395,-9.514,-9.385,3.58
2011-08-01,67.191,66.753,226.106,-11.944,-11.933,3.755
2011-09-01,66.427,65.796,226.597,-13.122,-12.934,3.813
2011-10-01,65.9,65.511,226.75,-13.152,-13.098,3.522
2011-11-01,66.158,65.849,227.169,-12.234,-12.165,3.451
2011-12-01,64.967,64.348,227.223,-12.419,-12.522,3.062
2012-01-01,64.555,64.356,227.842,-11.497,-11.777,3.009
2012-02-01,64.463,64.686,228.329,-10.824,-11.034,2.898
2012-03-01,63.725,64.086,228.807,-10.885,-11.082,2.583
2012-04-01,62.677,63.401,229.187,-11.854,-11.955,2.273
2012-05-01,63.041,63.409,228.713,-10.579,-10.563,1.738
2012-06-01,63.11,63.562,228.524,-8.342,-8.048,1.654
2012-07-01,62.777,62.956,228.59,-8.602,-8.478,1.418
2012-08-01,62.225,61.803,229.918,-7.391,-7.415,1.686
2012-09-01,61.403,60.949,231.015,-7.563,-7.367,1.95
2012-10-01,60.716,60.421,231.638,-7.866,-7.77,2.156
2012-11-01,59.775,59.609,231.249,-9.648,-9.476,1.796
2012-12-01,59.319,58.764,231.221,-8.694,-8.678,1.76
2013-01-01,59.194,58.869,231.679,-8.305,-8.526,1.684
2013-02-01,58.775,58.91,232.937,-8.824,-8.929,2.018
2013-03-01,58.376,58.626,232.282,-8.394,-8.52,1.519
2013-04-01,57.51,58.133,231.797,-8.244,-8.309,1.139
2013-05-01,57.175,57.527,231.893,-9.305,-9.276,1.39
2013-06-01,56.745,57.012,232.445,-10.086,-10.305,1.716
2013-07-01,56.061,56.281,232.9,-10.698,-10.603,1.885
2013-08-01,55.917,55.607,233.456,-10.137,-10.025,1.539
2013-09-01,55.864,55.59,233.544,-9.021,-8.793,1.095
2013-10-01,55.227,55.077,233.669,-9.04,-8.845,0.877
2013-11-01,54.732,54.601,234.1,-8.437,-8.401,1.233
2013-12-01,55.373,54.869,234.719,-6.652,-6.628,1.513
2014-01-01,54.889,54.611,235.288,-7.273,-7.233,1.558
2014-02-01,54.34,54.44,235.547,-7.546,-7.588,1.12
2014-03-01,54.203,54.377,236.028,-7.148,-7.248,1.613
2014-04-01,53.981,54.483,236.468,-6.136,-6.279,2.015
2014-05-01,53.46,53.79,236.918,-6.498,-6.496,2.167
2014-06-01,53.18,53.396,237.231,-6.282,-6.343,2.059
2014-07-01,52.713,52.89,237.498,-5.972,-6.025,1.974
2014-08-01,52.053,51.797,237.46,-6.91,-6.852,1.715
2014-09-01,51.325,51.151,237.477,-8.125,-7.985,1.684
2014-10-01,51.022,50.93,237.43,-7.614,-7.529,1.61
2014-11-01,50.263,50.212,236.983,-8.165,-8.038,1.232
2014-12-01,49.52,49.089,236.252,-10.57,-10.534,0.653
2015-01-01,49.19,48.913,234.747,-10.383,-10.434,-0.23
2015-02-01,49.146,49.111,235.342,-9.558,-9.789,-0.087
2015-03-01,48.717,48.772,235.976,-10.121,-10.308,-0.022
2015-04-01,48.707,49.047,236.222,-9.77,-9.977,-0.104
2015-05-01,48.458,48.667,237.001,-9.357,-9.524,0.035
2015-06-01,48.03,48.164,237.657,-9.684,-9.798,0.18
2015-07-01,47.713,47.892,238.034,-9.485,-9.45,0.226
2015-08-01,47.314,47.132,238.033,-9.104,-9.006,0.241
2015-09-01,47.436,47.359,237.498,-7.577,-7.413,0.009
2015-10-01,47.056,47.094,237.733,-7.773,-7.532,0.128
2015-11-01,46.741,46.716,238.017,-7.007,-6.962,0.436
2015-12-01,46.237,45.997,237.761,-6.63,-6.299,0.639
2016-01-01,45.424,45.424,237.652,-7.656,-7.133,1.238
2016-02-01,45.249,45.249,237.336,-7.929,-7.864,0.847
2016-03-01,45.269,45.269,238.08,-7.078,-7.182,0.892
2016-04-01,45.282,45.282,238.992,-7.032,-7.676,1.173
2016-05-01,44.853,44.853,239.557,-7.439,-7.837,1.078
2016-06-01,44.496,44.496,240.222,-7.358,-7.616,1.079
2016-07-01,44.205,44.205,240.101,-7.352,-7.699,0.868
2016-08-01,43.917,43.917,240.545,-7.18,-6.821,1.055
2016-09-01,43.77,43.77,241.176,-7.728,-7.578,1.549
2016-10-01,43.721,43.721,241.741,-7.087,-7.162,1.686
2016-11-01,43.576,43.576,242.026,-6.771,-6.721,1.684
2016-12-01,43.377,43.377,242.637,-6.186,-5.696,2.051
2017-01-01,43.475,43.475,243.618,-4.291,-4.291,2.51
2017-02-01,43.369,43.369,244.006,-4.155,-4.155,2.81
2017-03-01,42.818,42.818,243.892,-5.414,-5.414,2.441
2017-04-01,42.896,42.896,244.193,-5.269,-5.269,2.176
2017-05-01,42.361,42.361,244.004,-5.556,-5.556,1.856
2017-06-01,42.561,42.561,244.163,-4.349,-4.349,1.641
2017-07-01,42.973,42.973,244.243,-2.787,-2.787,1.725
2017-08-01,42.451,42.451,245.183,-3.338,-3.338,1.928
2017-09-01,42.19,42.19,246.435,-3.61,-3.61,2.181
2017-10-01,42.284,42.284,246.626,-3.287,-3.287,2.021
2017-11-01,42.04,42.04,247.284,-3.525,-3.525,2.172
2017-12-01,41.353,41.353,247.805,-4.666,-4.666,2.13
2018-01-01,41.455,41.455,248.859,-4.646,-4.646,2.151
2018-02-01,41.278,41.278,249.529,-4.821,-4.821,2.263
2018-03-01,41.249,41.249,249.577,-3.664,-3.664,2.331
2018-04-01,41.424,41.424,250.227,-3.432,-3.432,2.471
2018-05-01,41.37,41.37,250.792,-2.339,-2.339,2.782
2018-06-01,40.986,40.986,251.018,-3.701,-3.701,2.808
2018-07-01,40.23,40.23,251.214,-6.383,-6.383,2.854
2018-08-01,40.575,40.575,251.663,-4.419,-4.419,2.643
2018-09-01,41.092,41.092,252.182,-2.603,-2.603,2.332
2018-10-01,40.573,40.573,252.772,-4.046,-4.046,2.492
2018-11-01,39.841,39.841,252.594,-5.231,-5.231,2.147
2018-12-01,40.11,40.11,252.767,-3.006,-3.006,2.002
2019-01-01,40.044,40.044,252.561,-3.404,-3.404,1.488
2019-02-01,39.649,39.649,253.319,-3.946,-3.946,1.519
2019-03-01,39.889,39.889,254.277,-3.297,-3.297,1.883
2019-04-01,39.603,39.603,255.233,-4.396,-4.396,2.001
2019-05-01,39.339,39.339,255.296,-4.909,-4.909,1.796
2019-06-01,38.586,38.586,255.213,-5.856,-5.856,1.671
2019-07-01,39.745,39.745,255.802,-1.206,-1.206,1.826
2019-08-01,40.056,40.056,256.036,-1.279,-1.279,1.738
2019-09-01,39.73,39.73,256.43,-3.315,-3.315,1.684
2019-10-01,38.938,38.938,257.155,-4.03,-4.03,1.734
2019-11-01,38.868,38.868,257.879,-2.442,-2.442,2.092
2019-12-01,38.001,38.001,258.63,-5.258,-5.258,2.32
2020-01-01,37.728,37.728,259.127,-5.784,-5.784,2.6
2020-02-01,38.247,38.247,259.25,-3.536,-3.536,2.341
2020-03-01,38.706,38.706,258.076,-2.966,-2.966,1.494
2020-04-01,39.015,39.015,256.032,-1.485,-1.485,0.313
2020-05-01,38.629,38.629,255.802,-1.805,-1.805,0.198
2020-06-01,38.778,38.778,257.042,0.498,0.498,0.717
2020-07-01,38.686,38.686,258.352,-2.664,-2.664,0.997
2020-08-01,38.866,38.866,259.316,-2.971,-2.971,1.281
2020-09-01,37.459,37.459,259.997,-5.716,-5.716,1.391
2020-10-01,37.201,37.201,260.319,-4.461,-4.461,1.23
2020-11-01,37.964,37.964,260.911,-2.326,-2.326,1.176
2020-12-01,38.315,38.315,262.045,0.826,0.826,1.32
2021-01-01,38.316,38.316,262.687,1.559,1.559,1.374
2021-02-01,38.204,38.204,263.579,-0.112,-0.112,1.67
2021-03-01,37.453,37.453,264.961,-3.237,-3.237,2.668
2021-04-01,39.358,39.358,266.614,0.879,0.879,4.133
2021-05-01,39.611,39.611,268.383,2.542,2.542,4.918
2021-06-01,39.662,39.662,270.654,2.28,2.28,5.296
2021-07-01,40.135,40.135,271.903,3.746,3.746,5.245
2021-08-01,40.184,40.184,272.676,3.391,3.391,5.152
2021-09-01,40.649,40.649,273.91,8.516,8.516,5.351
2021-10-01,40.31,40.31,276.55,8.357,8.357,6.235
2021-11-01,39.78,39.78,278.919,4.783,4.783,6.902
2021-12-01,39.401,39.401,280.845,2.834,2.834,7.174
2022-01-01,39.651,39.651,282.543,3.484,3.484,7.559
2022-02-01,39.958,39.958,284.5,4.591,4.591,7.937
2022-03-01,40.302,40.302,287.674,7.607,7.607,8.572
2022-04-01,39.446,39.446,288.561,0.224,0.224,8.232
2022-05-01,38.909,38.909,291.298,-1.772,-1.772,8.538
2022-06-01,39.421,39.421,294.957,-0.608,-0.608,8.979
2022-07-01,38.719,38.719,294.913,-3.528,-3.528,8.463
2022-08-01,38.469,38.469,295.097,-4.268,-4.268,8.223
2022-09-01,39.175,39.175,296.349,-3.626,-3.626,8.192
2022-10-01,39.076,39.076,298.007,-3.061,-3.061,7.759
2022-11-01,38.02,38.02,298.786,-4.424,-4.424,7.123
2022-12-01,37.115,37.115,298.832,-5.802,-5.802,6.405
2023-01-01,37.21,37.21,300.42,-6.156,-6.156,6.327
2023-02-01,37.712,37.712,301.45,-5.621,-5.621,5.958
2023-03-01,37.957,37.957,301.821,-5.819,-5.819,4.918
2023-04-01,37.449,37.449,302.845,-5.063,-5.063,4.95
2023-05-01,37.289,37.289,303.334,-4.164,-4.164,4.132
2023-06-01,37.357,37.357,304.014,-5.236,-5.236,3.071
2023-07-01,36.82,36.82,304.609,-4.905,-4.905,3.288
2023-08-01,36.529,36.529,306.082,-5.043,-5.043,3.723
2023-09-01,37.146,37.146,307.276,-5.179,-5.179,3.687
2023-10-01,36.845,36.845,307.696,-5.709,-5.709,3.251
2023-11-01,36.258,36.258,308.148,-4.634,-4.634,3.133
2023-12-01,35.773,35.773,308.741,-3.616,-3.616,3.316
2024-01-01,36.441,36.441,309.698,-2.067,-2.067,3.088
2024-02-01,36.695,36.695,310.967,-2.697,-2.697,3.157
2024-03-01,36.528,36.528,312.345,-3.765,-3.765,3.487
2024-04-01,36.865,36.865,313.023,-1.559,-1.559,3.361
2024-05-01,36.476,36.476,313.175,-2.18,-2.18,3.244
2024-06-01,35.778,35.778,313.044,-4.227,-4.227,2.97
2024-07-01,35.929,35.929,313.569,-2.42,-2.42,2.941
2024-08-01,35.792,35.792,314.062,-2.018,-2.018,2.607
2024-09-01,35.406,35.406,314.732,-4.684,-4.684,2.426
2024-10-01,34.849,34.849,315.631,-5.417,-5.417,2.579
2024-11-01,34.259,34.259,316.528,-5.513,-5.513,2.719
2024-12-01,33.942,33.942,317.604,-5.118,-5.118,2.871
2025-01-01,34.237,34.237,318.961,-6.048,-6.048,2.991
2025-02-01,34.477,34.477,319.679,-6.044,-6.044,2.802
2025-03-01,34.547,34.547,319.785,-5.423,-5.423,2.382
2025-04-01,34.805,34.805,320.302,-5.588,-5.588,2.325
2025-05-01,35.202,35.202,320.62,-3.493,-3.493,2.377
2025-06-01,35.685,35.685,321.435,-0.26,-0.26,2.68
2025-07-01,35.273,35.273,322.169,-1.826,-1.826,2.743
2025-08-01,35.064,35.064,323.291,-2.034,-2.034,2.939
2025-09-01,35.141,35.141,324.245,-0.748,-0.748,3.023
2025-10-01,,,,,,
2025-11-01,34.184,34.184,325.063,-0.219,-0.219,2.696
2025-12-01,33.73,33.73,326.031,-0.625,-0.625,2.653
2026-01-01,34.773,34.773,326.588,1.566,1.566,2.391
2026-02-01,34.782,34.782,327.46,0.885,0.885,2.434
2026-03-01,35.293,35.293,330.293,2.159,2.159,3.286
2026-04-01,35.601,35.601,332.407,2.287,2.287,3.779
2026-05-01,35.662,35.662,333.979,1.307,1.307,4.167
2026-06-01,35.406,35.406,332.568,-0.782,-0.782,3.464
2026-07-01,36.641,36.641,332.813,3.878,3.878,3.304
2026-08-01,38.02,38.02,334.131,8.43,8.43,3.353
