quarter,ip_equip_and_software,ip_equipment,computers_periph,software,equipment_all,ipp_all,gdp,check_sum,ip_equip_and_software_pct_gdp,ip_equipment_pct_gdp,computers_periph_pct_gdp,software_pct_gdp,equipment_all_pct_gdp,ipp_all_pct_gdp
1995Q1,243.954,181.281,59.089,62.673,525.294,218.158,7522.289,0.0,3.2431,2.4099,0.7855,0.8332,6.9832,2.9002
1995Q2,253.589,189.14,65.84,64.449,525.398,224.004,7580.997,0.0,3.3451,2.4949,0.8685,0.8501,6.9305,2.9548
1995Q3,254.386,187.941,67.047,66.445,524.84,230.385,7683.125,0.0,3.311,2.4462,0.8727,0.8648,6.8311,2.9986
1995Q4,263.452,195.109,72.464,68.342,536.979,234.849,7772.586,-0.001,3.3895,2.5102,0.9323,0.8793,6.9086,3.0215
1996Q1,270.933,200.461,72.466,70.472,546.017,243.422,7868.468,0.0,3.4433,2.5476,0.921,0.8956,6.9393,3.0936
1996Q2,274.982,202.191,71.489,72.791,556.858,249.817,8032.84,-0.0,3.4232,2.5171,0.89,0.9062,6.9323,3.1099
1996Q3,283.129,207.72,73.526,75.41,577.0,256.663,8131.408,0.001,3.4819,2.5545,0.9042,0.9274,7.0959,3.1564
1996Q4,287.717,208.299,73.691,79.418,581.359,263.31,8259.771,0.0,3.4834,2.5218,0.8922,0.9615,7.0384,3.1879
1997Q1,299.292,211.934,76.542,87.358,587.506,277.134,8362.655,0.0,3.5789,2.5343,0.9153,1.0446,7.0254,3.3139
1997Q2,310.226,218.676,80.365,91.549,602.318,284.625,8518.825,-0.001,3.6417,2.567,0.9434,1.0747,7.0704,3.3411
1997Q3,326.308,230.481,84.922,95.827,630.464,292.246,8662.823,0.0,3.7668,2.6606,0.9803,1.1062,7.2778,3.3736
1997Q4,330.369,230.087,83.673,100.282,623.149,297.85,8765.907,-0.0,3.7688,2.6248,0.9545,1.144,7.1088,3.3978
1998Q1,341.063,238.572,87.722,102.492,645.754,304.884,8866.48,0.001,3.8467,2.6907,0.9894,1.1559,7.2831,3.4386
1998Q2,346.082,240.28,88.608,105.803,655.875,312.308,8969.699,0.001,3.8583,2.6788,0.9879,1.1796,7.3121,3.4818
1998Q3,348.694,237.573,86.447,111.121,658.429,322.424,9121.097,0.0,3.8229,2.6047,0.9478,1.2183,7.2187,3.5349
1998Q4,361.495,243.998,88.773,117.497,680.0,332.888,9293.991,0.0,3.8896,2.6253,0.9552,1.2642,7.3166,3.5818
1999Q1,375.134,250.787,94.516,124.347,695.097,343.185,9411.682,0.0,3.9858,2.6646,1.0042,1.3212,7.3855,3.6464
1999Q2,396.242,262.144,99.863,134.098,712.119,358.762,9526.21,0.0,4.1595,2.7518,1.0483,1.4077,7.4754,3.7661
1999Q3,408.032,266.149,99.497,141.883,728.141,373.368,9686.626,0.0,4.2123,2.7476,1.0272,1.4647,7.517,3.8545
1999Q4,406.204,259.955,95.051,146.249,719.148,385.194,9900.169,-0.0,4.103,2.6258,0.9601,1.4772,7.264,3.8908
2000Q1,431.256,279.456,97.56,151.8,749.4,400.258,10002.179,0.0,4.3116,2.794,0.9754,1.5177,7.4924,4.0017
2000Q2,450.048,293.504,104.882,156.545,773.952,408.567,10247.72,0.001,4.3917,2.8641,1.0235,1.5276,7.5524,3.9869
2000Q3,455.602,298.379,105.786,157.222,774.005,414.719,10318.165,-0.001,4.4155,2.8918,1.0252,1.5237,7.5014,4.0193
2000Q4,465.497,303.843,104.486,161.654,766.993,421.81,10435.744,0.0,4.4606,2.9116,1.0012,1.549,7.3497,4.042
2001Q1,453.964,291.335,99.654,162.629,751.676,421.815,10470.231,-0.0,4.3358,2.7825,0.9518,1.5533,7.1792,4.0287
2001Q2,429.394,269.716,89.963,159.678,716.017,418.696,10599.0,0.0,4.0513,2.5447,0.8488,1.5065,6.7555,3.9503
2001Q3,410.212,253.728,79.827,156.484,692.401,413.087,10598.02,0.0,3.8706,2.3941,0.7532,1.4765,6.5333,3.8978
2001Q4,400.761,248.938,80.779,151.823,685.974,406.561,10660.465,-0.0,3.7593,2.3352,0.7577,1.4242,6.4347,3.8137
2002Q1,393.877,241.778,82.5,152.099,667.253,404.11,10783.5,-0.0,3.6526,2.2421,0.7651,1.4105,6.1877,3.7475
2002Q2,390.719,237.735,79.259,152.984,661.929,405.991,10887.46,0.0,3.5887,2.1836,0.728,1.4051,6.0797,3.729
2002Q3,393.573,237.824,80.483,155.749,661.341,409.328,10984.04,0.0,3.5831,2.1652,0.7327,1.418,6.0209,3.7266
2002Q4,378.86,229.604,76.657,149.256,648.036,405.46,11061.433,0.0,3.4251,2.0757,0.693,1.3493,5.8585,3.6655
2003Q1,383.683,233.729,77.262,149.954,644.287,409.186,11174.129,0.0,3.4337,2.0917,0.6914,1.342,5.7659,3.6619
2003Q2,387.04,235.908,77.132,151.132,665.224,414.712,11312.766,-0.0,3.4213,2.0853,0.6818,1.3359,5.8803,3.6659
2003Q3,404.231,245.965,80.651,158.266,680.669,423.514,11566.669,0.0,3.4948,2.1265,0.6973,1.3683,5.8847,3.6615
2003Q4,415.664,255.085,84.619,160.579,692.293,427.212,11772.234,0.0,3.5309,2.1668,0.7188,1.364,5.8807,3.629
2004Q1,413.152,251.648,82.061,161.505,681.801,427.726,11923.447,0.001,3.465,2.1105,0.6882,1.3545,5.7182,3.5873
2004Q2,418.877,256.486,83.228,162.391,713.497,431.184,12112.815,-0.0,3.4581,2.1175,0.6871,1.3407,5.8904,3.5597
2004Q3,426.066,256.729,84.527,169.338,734.204,442.307,12305.307,0.001,3.4625,2.0863,0.6869,1.3761,5.9666,3.5944
2004Q4,430.196,258.359,86.885,171.838,758.084,450.058,12527.214,0.001,3.4341,2.0624,0.6936,1.3717,6.0515,3.5926
2005Q1,435.246,262.133,82.661,173.112,768.581,462.2,12767.286,-0.001,3.4091,2.0532,0.6474,1.3559,6.0199,3.6202
2005Q2,442.398,263.532,82.784,178.866,786.904,471.979,12922.656,0.0,3.4234,2.0393,0.6406,1.3841,6.0893,3.6523
2005Q3,451.421,270.228,83.899,181.192,808.296,479.083,13142.642,-0.001,3.4348,2.0561,0.6384,1.3787,6.1502,3.6453
2005Q4,453.331,271.967,87.445,181.364,815.793,479.272,13324.204,0.0,3.4023,2.0412,0.6563,1.3612,6.1226,3.597
2006Q1,470.656,286.721,90.61,183.935,850.152,487.552,13599.16,0.0,3.4609,2.1084,0.6663,1.3525,6.2515,3.5852
2006Q2,471.96,284.925,91.295,187.034,857.64,496.662,13753.424,-0.001,3.4316,2.0717,0.6638,1.3599,6.2358,3.6112
2006Q3,482.821,291.614,94.789,191.207,867.41,512.716,13870.188,-0.0,3.481,2.1025,0.6834,1.3785,6.2538,3.6965
2006Q4,486.69,290.69,93.51,196.0,873.929,528.399,14039.56,0.0,3.4666,2.0705,0.666,1.3961,6.2248,3.7636
2007Q1,510.325,307.171,96.238,203.154,886.253,536.152,14215.651,0.0,3.5899,2.1608,0.677,1.4291,6.2343,3.7716
2007Q2,512.132,308.172,92.852,203.96,897.845,541.758,14402.082,0.0,3.556,2.1398,0.6447,1.4162,6.2341,3.7617
2007Q3,516.045,309.266,94.677,206.779,896.02,544.679,14564.117,0.0,3.5433,2.1235,0.6501,1.4198,6.1522,3.7399
2007Q4,530.652,318.985,97.772,211.667,893.612,556.724,14715.058,0.0,3.6062,2.1677,0.6644,1.4384,6.0728,3.7834
2008Q1,538.037,316.727,98.184,221.31,885.403,571.436,14706.538,0.0,3.6585,2.1536,0.6676,1.5048,6.0205,3.8856
2008Q2,541.155,316.33,97.751,224.825,871.824,580.278,14865.701,0.0,3.6403,2.1279,0.6576,1.5124,5.8647,3.9035
2008Q3,534.694,307.782,93.562,226.912,852.11,576.058,14898.999,0.0,3.5888,2.0658,0.628,1.523,5.7192,3.8664
2008Q4,506.612,284.329,86.137,222.283,772.186,569.762,14608.209,-0.0,3.468,1.9464,0.5896,1.5216,5.286,3.9003
2009Q1,491.161,270.577,85.261,220.584,683.537,550.136,14430.902,0.0,3.4035,1.875,0.5908,1.5286,4.7366,3.8122
2009Q2,489.848,266.2,86.661,223.648,652.184,559.711,14381.236,-0.0,3.4062,1.851,0.6026,1.5551,4.535,3.892
2009Q3,503.486,277.197,88.455,226.289,662.038,564.471,14448.882,0.0,3.4846,1.9185,0.6122,1.5661,4.5819,3.9067
2009Q4,522.129,288.471,95.403,233.659,683.287,583.096,14651.249,0.001,3.5637,1.9689,0.6512,1.5948,4.6637,3.9798
2010Q1,525.88,298.266,99.228,227.614,719.807,571.363,14764.61,0.0,3.5618,2.0201,0.6721,1.5416,4.8752,3.8698
2010Q2,528.024,305.269,102.194,222.755,763.672,569.998,14980.193,0.0,3.5248,2.0378,0.6822,1.487,5.0979,3.805
2010Q3,537.761,312.194,100.787,225.567,804.497,578.778,15141.607,0.0,3.5515,2.0618,0.6656,1.4897,5.3132,3.8224
2010Q4,543.927,314.326,96.11,229.601,820.133,592.54,15309.474,0.0,3.5529,2.0531,0.6278,1.4997,5.357,3.8704
2011Q1,544.668,307.656,90.959,237.012,839.817,603.092,15351.448,0.0,3.548,2.0041,0.5925,1.5439,5.4706,3.9286
2011Q2,559.155,314.052,95.805,245.104,854.272,615.066,15557.539,0.001,3.5941,2.0186,0.6158,1.5755,5.491,3.9535
2011Q3,570.968,316.505,98.485,254.462,904.533,628.06,15647.68,-0.001,3.6489,2.0227,0.6294,1.6262,5.7806,4.0138
2011Q4,577.471,315.026,97.097,262.445,926.474,640.716,15842.259,0.0,3.6451,1.9885,0.6129,1.6566,5.8481,4.0443
2012Q1,596.987,330.985,105.863,266.002,957.835,645.438,16068.805,0.0,3.7152,2.0598,0.6588,1.6554,5.9608,4.0167
2012Q2,605.909,333.584,104.555,272.325,984.355,653.729,16207.115,0.0,3.7385,2.0583,0.6451,1.6803,6.0736,4.0336
2012Q3,597.93,325.893,100.525,272.038,984.294,656.953,16319.541,0.001,3.6639,1.9969,0.616,1.6669,6.0314,4.0256
2012Q4,612.358,334.479,103.178,277.879,1007.118,666.645,16420.419,0.0,3.7292,2.037,0.6284,1.6923,6.1333,4.0599
2013Q1,632.733,346.48,105.183,286.253,1026.153,685.536,16648.189,0.0,3.8006,2.0812,0.6318,1.7194,6.1638,4.1178
2013Q2,621.684,342.3,99.39,279.384,1025.121,684.351,16728.687,0.0,3.7163,2.0462,0.5941,1.6701,6.1279,4.0909
2013Q3,630.601,344.613,100.353,285.989,1026.188,699.087,16953.838,0.001,3.7195,2.0327,0.5919,1.6869,6.0528,4.1235
2013Q4,636.373,345.663,103.614,290.71,1063.537,709.421,17192.019,0.0,3.7016,2.0106,0.6027,1.691,6.1862,4.1265
2014Q1,640.37,344.916,99.772,295.454,1072.304,718.207,17197.738,0.0,3.7236,2.0056,0.5801,1.718,6.2351,4.1762
2014Q2,656.511,355.209,102.428,301.302,1101.386,733.586,17518.508,0.0,3.7475,2.0276,0.5847,1.7199,6.287,4.1875
2014Q3,659.631,351.435,101.572,308.195,1134.139,749.048,17804.228,-0.001,3.7049,1.9739,0.5705,1.731,6.3701,4.2071
2014Q4,666.764,357.108,103.998,309.656,1128.514,765.004,17912.079,0.0,3.7224,1.9937,0.5806,1.7288,6.3003,4.2709
2015Q1,668.096,357.025,101.982,311.071,1139.214,765.453,18063.529,0.0,3.6986,1.9765,0.5646,1.7221,6.3067,4.2376
2015Q2,673.6,360.9,101.786,312.7,1141.608,770.986,18279.784,-0.0,3.6849,1.9743,0.5568,1.7106,6.2452,4.2177
2015Q3,682.353,365.773,103.189,316.58,1155.625,782.181,18401.626,0.0,3.7081,1.9877,0.5608,1.7204,6.28,4.2506
2015Q4,689.969,365.281,98.36,324.687,1139.957,796.896,18435.137,-0.001,3.7427,1.9814,0.5335,1.7612,6.1836,4.3227
2016Q1,700.323,364.557,101.444,335.765,1132.464,814.945,18525.933,-0.001,3.7802,1.9678,0.5476,1.8124,6.1129,4.3989
2016Q2,707.485,364.166,100.175,343.319,1116.87,837.761,18711.702,0.0,3.781,1.9462,0.5354,1.8348,5.9688,4.4772
2016Q3,716.368,364.644,97.466,351.724,1112.963,852.193,18892.639,-0.0,3.7918,1.9301,0.5159,1.8617,5.891,4.5107
2016Q4,728.325,367.493,98.766,360.832,1116.828,867.13,19089.379,0.0,3.8153,1.9251,0.5174,1.8902,5.8505,4.5425
2017Q1,741.33,371.971,99.8,369.359,1126.307,884.582,19280.084,-0.0,3.8451,1.9293,0.5176,1.9158,5.8418,4.5881
2017Q2,763.208,384.401,104.172,378.807,1147.226,894.391,19438.643,0.0,3.9262,1.9775,0.5359,1.9487,5.9018,4.6011
2017Q3,775.094,387.867,109.819,387.227,1165.64,913.386,19692.595,0.0,3.936,1.9696,0.5577,1.9664,5.9192,4.6382
2017Q4,795.998,399.61,109.321,396.389,1200.639,932.628,20037.088,0.001,3.9726,1.9944,0.5456,1.9783,5.9921,4.6545
2018Q1,814.355,407.517,118.369,406.838,1220.546,956.773,20328.553,0.0,4.006,2.0047,0.5823,2.0013,6.0041,4.7065
2018Q2,825.035,405.529,122.349,419.506,1222.023,986.128,20580.912,0.0,4.0087,1.9704,0.5945,2.0383,5.9377,4.7915
2018Q3,837.832,408.926,122.066,428.905,1227.106,1001.274,20798.73,-0.001,4.0283,1.9661,0.5869,2.0622,5.8999,4.8141
2018Q4,840.391,404.532,118.991,435.859,1240.806,1024.695,20917.867,0.0,4.0176,1.9339,0.5688,2.0837,5.9318,4.8987
2019Q1,842.315,409.105,118.754,433.21,1249.844,1040.352,21111.6,0.0,3.9898,1.9378,0.5625,2.052,5.9202,4.9279
2019Q2,855.735,413.098,123.257,442.637,1263.133,1067.006,21397.938,0.0,3.9991,1.9306,0.576,2.0686,5.9031,4.9865
2019Q3,855.406,403.601,115.679,451.805,1241.745,1086.881,21717.171,0.0,3.9388,1.8584,0.5327,2.0804,5.7178,5.0047
2019Q4,857.419,395.667,117.92,461.752,1208.882,1105.309,21933.217,0.0,3.9092,1.804,0.5376,2.1053,5.5116,5.0394
2020Q1,850.107,377.519,114.983,472.588,1149.198,1126.159,21751.238,0.0,3.9083,1.7356,0.5286,2.1727,5.2834,5.1774
2020Q2,857.142,387.054,125.118,470.088,1018.188,1109.837,19958.291,0.0,4.2947,1.9393,0.6269,2.3554,5.1016,5.5608
2020Q3,888.719,413.309,129.751,475.41,1121.038,1132.9,21704.437,0.0,4.0946,1.9043,0.5978,2.1904,5.165,5.2197
2020Q4,917.58,422.868,136.318,494.712,1161.565,1175.929,22087.16,-0.0,4.1544,1.9145,0.6172,2.2398,5.259,5.324
2021Q1,944.128,433.516,143.705,510.612,1184.076,1207.486,22680.693,0.0,4.1627,1.9114,0.6336,2.2513,5.2206,5.3238
2021Q2,966.784,438.469,143.417,528.315,1209.181,1247.463,23425.91,0.0,4.127,1.8717,0.6122,2.2553,5.1617,5.3251
2021Q3,974.727,435.278,147.152,539.449,1189.132,1277.975,23982.379,0.0,4.0643,1.815,0.6136,2.2494,4.9584,5.3288
2021Q4,1014.367,460.215,154.372,554.153,1202.881,1319.28,24813.6,0.001,4.0879,1.8547,0.6221,2.2333,4.8477,5.3168
2022Q1,1057.49,481.631,162.608,575.858,1262.651,1364.194,25250.347,-0.001,4.188,1.9074,0.644,2.2806,5.0005,5.4027
2022Q2,1075.331,479.703,159.521,595.628,1292.185,1413.82,25861.292,0.0,4.1581,1.8549,0.6168,2.3032,4.9966,5.4669
2022Q3,1095.029,483.907,163.695,611.122,1320.649,1446.019,26336.304,0.0,4.1579,1.8374,0.6216,2.3205,5.0146,5.4906
2022Q4,1089.678,468.163,155.208,621.515,1347.576,1470.728,26770.514,-0.0,4.0704,1.7488,0.5798,2.3216,5.0338,5.4938
2023Q1,1103.962,467.871,148.085,636.09,1369.42,1501.404,27216.445,-0.001,4.0562,1.7191,0.5441,2.3372,5.0316,5.5165
2023Q2,1101.79,463.404,147.456,638.386,1411.625,1517.456,27530.055,0.0,4.0021,1.6833,0.5356,2.3189,5.1276,5.512
2023Q3,1106.745,461.309,145.642,645.436,1411.241,1529.087,28074.846,0.0,3.9421,1.6431,0.5188,2.299,5.0267,5.4465
2023Q4,1134.704,476.166,155.071,658.537,1426.351,1550.08,28424.722,-0.001,3.992,1.6752,0.5455,2.3168,5.018,5.4533
2024Q1,1151.082,479.688,165.506,671.394,1440.602,1576.267,28708.161,-0.0,4.0096,1.6709,0.5765,2.3387,5.0181,5.4907
2024Q2,1181.589,494.165,175.579,687.423,1478.522,1592.226,29147.044,-0.001,4.0539,1.6954,0.6024,2.3585,5.0726,5.4627
2024Q3,1216.85,513.923,187.72,702.928,1515.723,1618.766,29511.664,0.001,4.1233,1.7414,0.6361,2.3819,5.136,5.4852
2024Q4,1227.027,516.788,186.118,710.239,1502.17,1628.269,29825.182,0.0,4.1141,1.7327,0.624,2.3813,5.0366,5.4594
2025Q1,1311.203,585.183,222.838,726.021,1579.108,1647.475,30042.113,0.001,4.3645,1.9479,0.7418,2.4167,5.2563,5.4839
2025Q2,1352.452,606.518,253.788,745.934,1625.035,1691.198,30485.729,0.0,4.4363,1.9895,0.8325,2.4468,5.3305,5.5475
2025Q3,1395.505,629.969,280.934,765.536,1669.428,1736.713,31098.027,0.0,4.4874,2.0258,0.9034,2.4617,5.3683,5.5846
2025Q4,1466.358,684.755,325.358,781.603,1701.302,1779.239,31422.526,0.0,4.6666,2.1792,1.0354,2.4874,5.4143,5.6623
2026Q1,1556.469,758.822,384.178,797.647,1783.079,1826.508,31865.721,0.0,4.8845,2.3813,1.2056,2.5032,5.5956,5.7319
2026Q2,1611.52,794.89,400.629,816.63,1864.836,1872.762,32486.066,0.0,4.9606,2.4469,1.2332,2.5138,5.7404,5.7648
