company,period_end,cal_quarter,capex_bn,ocf_bn,fin_lease_principal_bn,fin_lease_rou_added_bn,capex_method,ocf_method,fcf_bn,fcf_less_fin_lease_bn,capex_to_ocf_pct,capex_ttm_bn,ocf_ttm_bn,capex_to_ocf_ttm_pct
Alphabet,2008-09-30,2008Q3,0.452,2.185,,,YTD9M−YTD6M,YTD9M−YTD6M,1.733,1.733,20.664,,,
Alphabet,2008-12-31,2008Q4,0.368,2.122,,,YTD12M−YTD9M,YTD12M−YTD9M,1.754,1.754,17.357,,,
Alphabet,2009-03-31,2009Q1,0.263,2.25,,,3M,3M,1.987,1.987,11.689,,,
Alphabet,2009-06-30,2009Q2,0.139,1.609,,,YTD6M−YTD3M,YTD6M−YTD3M,1.47,1.47,8.639,1.222,8.166,14.962
Alphabet,2009-09-30,2009Q3,0.187,2.726,,,YTD9M−YTD6M,YTD9M−YTD6M,2.539,2.539,6.86,0.957,8.707,10.995
Alphabet,2009-12-31,2009Q4,0.221,2.731,,,YTD12M−YTD9M,YTD12M−YTD9M,2.51,2.51,8.092,0.81,9.316,8.695
Alphabet,2010-03-31,2010Q1,0.239,2.584,,,3M,3M,2.345,2.345,9.249,0.786,9.65,8.145
Alphabet,2010-06-30,2010Q2,0.476,2.085,,,YTD6M−YTD3M,YTD6M−YTD3M,1.609,1.609,22.83,1.123,10.126,11.09
Alphabet,2010-09-30,2010Q3,0.758,2.886,,,YTD9M−YTD6M,YTD9M−YTD6M,2.128,2.128,26.265,1.694,10.286,16.469
Alphabet,2010-12-31,2010Q4,2.545,3.526,,,YTD12M−YTD9M,YTD12M−YTD9M,0.981,0.981,72.178,4.018,11.081,36.26
Alphabet,2011-03-31,2011Q1,0.89,3.172,,,3M,3M,2.282,2.282,28.058,4.669,11.669,40.012
Alphabet,2011-06-30,2011Q2,0.917,3.519,,,YTD6M−YTD3M,YTD6M−YTD3M,2.602,2.602,26.059,5.11,13.103,38.999
Alphabet,2011-09-30,2011Q3,0.68,3.95,,,YTD9M−YTD6M,YTD9M−YTD6M,3.27,3.27,17.215,5.032,14.167,35.519
Alphabet,2011-12-31,2011Q4,0.951,3.924,,,YTD12M−YTD9M,YTD12M−YTD9M,2.973,2.973,24.235,3.438,14.565,23.605
Alphabet,2012-03-31,2012Q1,0.607,3.694,,,3M,3M,3.087,3.087,16.432,3.155,15.087,20.912
Alphabet,2012-06-30,2012Q2,0.774,4.252,,,YTD6M−YTD3M,YTD6M−YTD3M,3.478,3.478,18.203,3.012,15.82,19.039
Alphabet,2012-09-30,2012Q3,0.872,4.004,,,YTD9M−YTD6M,YTD9M−YTD6M,3.132,3.132,21.778,3.204,15.874,20.184
Alphabet,2012-12-31,2012Q4,1.02,4.669,,,YTD12M−YTD9M,YTD12M−YTD9M,3.649,3.649,21.846,3.273,16.619,19.694
Alphabet,2013-03-31,2013Q1,1.203,3.633,,,3M,3M,2.43,2.43,33.113,3.869,16.558,23.366
Alphabet,2013-06-30,2013Q2,1.611,4.705,,,YTD6M−YTD3M,YTD6M−YTD3M,3.094,3.094,34.24,4.706,17.011,27.664
Alphabet,2013-09-30,2013Q3,2.289,5.083,,,YTD9M−YTD6M,YTD9M−YTD6M,2.794,2.794,45.032,6.123,18.09,33.847
Alphabet,2013-12-31,2013Q4,2.255,5.719,,,YTD12M−YTD9M,YTD12M−YTD9M,3.464,3.464,39.43,7.358,19.14,38.443
Alphabet,2014-03-31,2014Q1,2.345,4.391,,,3M,3M,2.046,2.046,53.405,8.5,19.898,42.718
Alphabet,2014-06-30,2014Q2,2.646,5.627,,,YTD6M−YTD3M,YTD6M−YTD3M,2.981,2.981,47.023,9.535,20.82,45.797
Alphabet,2014-09-30,2014Q3,2.417,5.994,,,YTD9M−YTD6M,YTD9M−YTD6M,3.577,3.577,40.324,9.663,21.731,44.466
Alphabet,2014-12-31,2014Q4,3.606,7.012,,,YTD12M−YTD9M,YTD12M−YTD9M,3.406,3.406,51.426,11.014,23.024,47.837
Alphabet,2015-03-31,2015Q1,2.927,6.722,,,3M,3M,3.795,3.795,43.544,11.596,25.355,45.735
Alphabet,2015-06-30,2015Q2,2.515,7.096,,,3M,YTD6M−YTD3M,4.581,4.581,35.443,11.465,26.824,42.742
Alphabet,2015-09-30,2015Q3,2.383,6.145,,,3M,YTD9M−YTD6M,3.762,3.762,38.779,11.431,26.975,42.376
Alphabet,2015-12-31,2015Q4,2.102,6.609,,,YTD12M−YTD9M,YTD12M−YTD9M,4.507,4.507,31.805,9.927,26.572,37.359
Alphabet,2016-03-31,2016Q1,2.444,7.658,,,3M,3M,5.214,5.214,31.914,9.444,27.508,34.332
Alphabet,2016-06-30,2016Q2,2.136,9.12,,,3M,YTD6M−YTD3M,6.984,6.984,23.421,9.065,29.532,30.696
Alphabet,2016-09-30,2016Q3,2.554,9.845,,,3M,YTD9M−YTD6M,7.291,7.291,25.942,9.236,33.232,27.792
Alphabet,2016-12-31,2016Q4,3.078,9.413,,,YTD12M−YTD9M,YTD12M−YTD9M,6.335,6.335,32.699,10.212,36.036,28.338
Alphabet,2017-03-31,2017Q1,2.508,9.548,,,3M,3M,7.04,7.04,26.267,10.276,37.926,27.095
Alphabet,2017-06-30,2017Q2,2.831,7.403,,,3M,YTD6M−YTD3M,4.572,4.572,38.241,10.971,36.209,30.299
Alphabet,2017-09-30,2017Q3,3.538,9.872,,,3M,YTD9M−YTD6M,6.334,6.334,35.839,11.955,36.236,32.992
Alphabet,2017-12-31,2017Q4,4.307,10.268,,,YTD12M−YTD9M,YTD12M−YTD9M,5.961,5.961,41.946,13.184,37.091,35.545
Alphabet,2018-03-31,2018Q1,7.299,11.642,,,3M,3M,4.343,4.343,62.695,17.975,39.185,45.872
Alphabet,2018-06-30,2018Q2,5.477,10.132,,,3M,YTD6M−YTD3M,4.655,4.655,54.056,20.621,41.914,49.198
Alphabet,2018-09-30,2018Q3,5.282,13.21,,,3M,YTD9M−YTD6M,7.928,7.928,39.985,22.365,45.252,49.423
Alphabet,2018-12-31,2018Q4,7.081,12.987,,,YTD12M−YTD9M,YTD12M−YTD9M,5.906,5.906,54.524,25.139,47.971,52.405
Alphabet,2019-03-31,2019Q1,4.638,12.0,,,3M,3M,7.362,7.362,38.65,22.478,48.329,46.51
Alphabet,2019-06-30,2019Q2,6.126,12.627,,,3M,YTD6M−YTD3M,6.501,6.501,48.515,23.127,50.824,45.504
Alphabet,2019-09-30,2019Q3,6.732,15.466,,,3M,YTD9M−YTD6M,8.734,8.734,43.528,24.577,53.08,46.302
Alphabet,2019-12-31,2019Q4,6.052,14.427,,,YTD12M−YTD9M,YTD12M−YTD9M,8.375,8.375,41.949,23.548,54.52,43.191
Alphabet,2020-03-31,2020Q1,6.005,11.451,,,3M,3M,5.446,5.446,52.441,24.915,53.971,46.164
Alphabet,2020-06-30,2020Q2,5.391,13.993,,,3M,YTD6M−YTD3M,8.602,8.602,38.526,24.18,55.337,43.696
Alphabet,2020-09-30,2020Q3,5.406,17.003,,,3M,YTD9M−YTD6M,11.597,11.597,31.794,22.854,56.874,40.184
Alphabet,2020-12-31,2020Q4,5.479,22.677,,,YTD12M−YTD9M,YTD12M−YTD9M,17.198,17.198,24.161,22.281,65.124,34.213
Alphabet,2021-03-31,2021Q1,5.942,19.289,,,3M,3M,13.347,13.347,30.805,22.218,72.962,30.451
Alphabet,2021-06-30,2021Q2,5.496,21.89,,,YTD6M−YTD3M,YTD6M−YTD3M,16.394,16.394,25.107,22.323,80.859,27.607
Alphabet,2021-09-30,2021Q3,6.819,25.539,,,YTD9M−YTD6M,YTD9M−YTD6M,18.72,18.72,26.7,23.736,89.395,26.552
Alphabet,2021-12-31,2021Q4,6.383,24.934,,,YTD12M−YTD9M,YTD12M−YTD9M,18.551,18.551,25.6,24.64,91.652,26.884
Alphabet,2022-03-31,2022Q1,9.786,25.106,,,3M,3M,15.32,15.32,38.979,28.484,97.469,29.224
Alphabet,2022-06-30,2022Q2,6.828,19.422,,,YTD6M−YTD3M,YTD6M−YTD3M,12.594,12.594,35.156,29.816,95.001,31.385
Alphabet,2022-09-30,2022Q3,7.276,23.353,,,YTD9M−YTD6M,YTD9M−YTD6M,16.077,16.077,31.157,30.273,92.815,32.616
Alphabet,2022-12-31,2022Q4,7.595,23.614,,,YTD12M−YTD9M,YTD12M−YTD9M,16.019,16.019,32.163,31.485,91.495,34.412
Alphabet,2023-03-31,2023Q1,6.289,23.509,,,3M,3M,17.22,17.22,26.751,27.988,89.898,31.133
Alphabet,2023-06-30,2023Q2,6.888,28.666,,,YTD6M−YTD3M,YTD6M−YTD3M,21.778,21.778,24.028,28.048,99.142,28.291
Alphabet,2023-09-30,2023Q3,8.055,30.656,,,YTD9M−YTD6M,YTD9M−YTD6M,22.601,22.601,26.275,28.827,106.445,27.082
Alphabet,2023-12-31,2023Q4,11.019,18.915,,,YTD12M−YTD9M,YTD12M−YTD9M,7.896,7.896,58.255,32.251,101.746,31.698
Alphabet,2024-03-31,2024Q1,12.012,28.848,0.09,0.019,3M,3M,16.836,16.746,41.639,37.974,107.085,35.462
Alphabet,2024-06-30,2024Q2,13.186,26.64,0.097,0.146,YTD6M−YTD3M,YTD6M−YTD3M,13.454,13.357,49.497,44.272,105.059,42.14
Alphabet,2024-09-30,2024Q3,13.061,30.698,0.127,0.078,YTD9M−YTD6M,YTD9M−YTD6M,17.637,17.51,42.547,49.278,105.101,46.886
Alphabet,2024-12-31,2024Q4,14.276,39.113,0.091,0.07,YTD12M−YTD9M,YTD12M−YTD9M,24.837,24.746,36.499,52.535,125.299,41.928
Alphabet,2025-03-31,2025Q1,17.197,36.15,0.192,0.523,3M,3M,18.953,18.761,47.571,57.72,132.601,43.529
Alphabet,2025-06-30,2025Q2,22.446,27.747,0.11,0.083,YTD6M−YTD3M,YTD6M−YTD3M,5.301,5.191,80.895,66.98,133.708,50.094
Alphabet,2025-09-30,2025Q3,23.953,48.414,0.092,0.383,YTD9M−YTD6M,YTD9M−YTD6M,24.461,24.369,49.475,77.872,151.424,51.426
Alphabet,2025-12-31,2025Q4,27.851,52.402,1.594,0.617,YTD12M−YTD9M,YTD12M−YTD9M,24.551,22.957,53.149,91.447,164.713,55.519
Alphabet,2026-03-31,2026Q1,35.674,45.79,0.522,0.211,3M,3M,10.116,9.594,77.908,109.924,174.353,63.047
Alphabet,2026-06-30,2026Q2,44.924,39.069,0.318,0.691,YTD6M−YTD3M,YTD6M−YTD3M,-5.855,-6.173,114.986,132.402,185.675,71.308
Amazon,2008-06-30,2008Q2,0.069,0.347,,,3M,3M,0.278,0.278,19.885,,,
Amazon,2008-09-30,2008Q3,0.102,0.424,,,3M,3M,0.322,0.322,24.057,,,
Amazon,2008-12-31,2008Q4,0.102,1.571,,,YTD12M−YTD9M,YTD12M−YTD9M,1.469,1.469,6.493,,,
Amazon,2009-03-31,2009Q1,0.055,-0.585,,,3M,3M,-0.64,-0.64,-9.402,0.328,1.757,18.668
Amazon,2009-06-30,2009Q2,0.078,0.468,,,3M,3M,0.39,0.39,16.667,0.337,1.878,17.945
Amazon,2009-09-30,2009Q3,0.103,0.799,,,3M,3M,0.696,0.696,12.891,0.338,2.253,15.002
Amazon,2009-12-31,2009Q4,0.137,2.611,,,YTD12M−YTD9M,YTD12M−YTD9M,2.474,2.474,5.247,0.373,3.293,11.327
Amazon,2010-03-31,2010Q1,0.14,-1.098,,,3M,3M,-1.238,-1.238,-12.75,0.458,2.78,16.475
Amazon,2010-06-30,2010Q2,0.196,0.25,,,3M,3M,0.054,0.054,78.4,0.576,2.562,22.482
Amazon,2010-09-30,2010Q3,0.315,0.855,,,3M,3M,0.54,0.54,36.842,0.788,2.618,30.099
Amazon,2010-12-31,2010Q4,0.328,3.488,,,YTD12M−YTD9M,YTD12M−YTD9M,3.16,3.16,9.404,0.979,3.495,28.011
Amazon,2011-03-31,2011Q1,0.298,-1.586,,,3M,3M,-1.884,-1.884,-18.789,1.137,3.007,37.812
Amazon,2011-06-30,2011Q2,0.433,0.423,,,3M,3M,-0.01,-0.01,102.364,1.374,3.18,43.208
Amazon,2011-09-30,2011Q3,0.529,0.797,,,3M,3M,0.268,0.268,66.374,1.588,3.122,50.865
Amazon,2011-12-31,2011Q4,0.55,4.269,,,YTD12M−YTD9M,YTD12M−YTD9M,3.719,3.719,12.884,1.81,3.903,46.375
Amazon,2012-03-31,2012Q1,0.386,-2.438,,,3M,3M,-2.824,-2.824,-15.833,1.898,3.051,62.209
Amazon,2012-06-30,2012Q2,0.657,0.594,,,3M,3M,-0.063,-0.063,110.606,2.122,3.222,65.86
Amazon,2012-09-30,2012Q3,0.716,0.943,,,3M,3M,0.227,0.227,75.928,2.309,3.368,68.557
Amazon,2012-12-31,2012Q4,2.026,5.081,,,YTD12M−YTD9M,YTD12M−YTD9M,3.055,3.055,39.874,3.785,4.18,90.55
Amazon,2013-03-31,2013Q1,0.67,-2.372,,,3M,3M,-3.042,-3.042,-28.246,4.069,4.246,95.831
Amazon,2013-06-30,2013Q2,0.855,0.88,,,3M,3M,0.025,0.025,97.159,4.267,4.532,94.153
Amazon,2013-09-30,2013Q3,1.038,1.388,,,3M,3M,0.35,0.35,74.784,4.589,4.977,92.204
Amazon,2013-12-31,2013Q4,0.879,5.578,,,YTD12M−YTD9M,YTD12M−YTD9M,4.699,4.699,15.758,3.442,5.474,62.879
Amazon,2014-03-31,2014Q1,1.08,-2.502,,,3M,3M,-3.582,-3.582,-43.165,3.852,5.344,72.081
Amazon,2014-06-30,2014Q2,1.29,0.862,,,3M,3M,-0.428,-0.428,149.652,4.287,5.326,80.492
Amazon,2014-09-30,2014Q3,1.378,1.766,,,3M,3M,0.388,0.388,78.029,4.627,5.704,81.119
Amazon,2014-12-31,2014Q4,1.145,6.715,,,YTD12M−YTD9M,YTD12M−YTD9M,5.57,5.57,17.051,4.893,6.841,71.525
Amazon,2015-03-31,2015Q1,0.871,-1.499,,,3M,3M,-2.37,-2.37,-58.105,4.684,7.844,59.714
Amazon,2015-06-30,2015Q2,1.213,1.997,,,3M,3M,0.784,0.784,60.741,4.607,8.979,51.309
Amazon,2015-09-30,2015Q3,1.195,2.61,,,3M,3M,1.415,1.415,45.785,4.424,9.823,45.037
Amazon,2015-12-31,2015Q4,1.309,8.931,,,YTD12M−YTD9M,YTD12M−YTD9M,7.622,7.622,14.657,4.588,12.039,38.109
Amazon,2016-03-31,2016Q1,1.179,-1.953,,,3M,3M,-3.132,-3.132,-60.369,4.896,11.585,42.262
Amazon,2016-06-30,2016Q2,1.711,3.578,,,3M,3M,1.867,1.867,47.82,5.394,13.166,40.969
Amazon,2016-09-30,2016Q3,1.841,4.659,,,3M,3M,2.818,2.818,39.515,6.04,15.215,39.698
Amazon,2016-12-31,2016Q4,2.006,10.919,,,YTD12M−YTD9M,YTD12M−YTD9M,8.913,8.913,18.372,6.737,17.203,39.162
Amazon,2017-03-31,2017Q1,1.861,-1.619,,,3M,3M,-3.48,-3.48,-114.947,7.419,17.537,42.305
Amazon,2017-09-30,2017Q3,3.074,3.777,,,3M,3M,0.703,0.703,81.387,8.782,17.736,49.515
Amazon,2017-12-31,2017Q4,3.619,12.358,,,YTD12M−YTD9M,YTD12M−YTD9M,8.739,8.739,29.285,10.56,25.435,41.518
Amazon,2018-03-31,2018Q1,3.098,-1.791,2.015,2.27,3M,3M,-4.889,-6.904,-172.976,11.652,12.725,91.568
Amazon,2018-06-30,2018Q2,3.243,7.449,1.284,2.335,3M,3M,4.206,2.922,43.536,13.034,21.793,59.808
Amazon,2018-09-30,2018Q3,3.352,8.588,2.247,2.329,3M,3M,5.236,2.989,39.031,13.312,26.604,50.038
Amazon,2018-12-31,2018Q4,3.734,16.477,1.905,3.681,YTD12M−YTD9M,YTD12M−YTD9M,12.743,10.838,22.662,13.427,30.723,43.703
Amazon,2019-03-31,2019Q1,3.29,1.846,2.214,2.628,3M,3M,-1.444,-3.658,178.223,13.619,34.36,39.636
Amazon,2019-06-30,2019Q2,3.562,9.118,2.327,3.307,3M,3M,5.556,3.229,39.066,13.938,36.029,38.686
Amazon,2019-09-30,2019Q3,4.697,7.892,2.307,3.606,3M,3M,3.195,0.888,59.516,15.283,35.333,43.254
Amazon,2019-12-31,2019Q4,5.312,19.659,2.78,4.182,YTD12M−YTD9M,YTD12M−YTD9M,14.347,11.567,27.021,16.861,38.515,43.778
Amazon,2020-03-31,2020Q1,6.795,3.064,2.6,2.166,3M,3M,-3.731,-6.331,221.769,20.366,39.733,51.257
Amazon,2020-06-30,2020Q2,7.459,20.606,2.817,3.155,3M,3M,13.147,10.33,36.198,24.263,51.221,47.369
Amazon,2020-09-30,2020Q3,11.063,11.964,2.857,3.571,3M,3M,0.901,-1.956,92.469,30.629,55.293,55.394
Amazon,2020-12-31,2020Q4,14.823,30.431,2.368,2.696,YTD12M−YTD9M,YTD12M−YTD9M,15.608,13.24,48.71,40.14,66.065,60.758
Amazon,2021-03-31,2021Q1,12.082,4.213,3.406,2.067,3M,3M,-7.869,-11.275,286.779,45.427,67.214,67.586
Amazon,2021-06-30,2021Q2,14.288,12.715,2.804,1.642,3M,3M,-1.573,-4.377,112.371,52.256,59.323,88.087
Amazon,2021-09-30,2021Q3,15.748,7.313,2.693,1.744,3M,3M,-8.435,-11.128,215.343,56.941,54.672,104.15
Amazon,2021-12-31,2021Q4,18.935,22.086,2.26,1.608,YTD12M−YTD9M,YTD12M−YTD9M,3.151,0.891,85.733,61.053,46.327,131.787
Amazon,2022-03-31,2022Q1,14.951,-2.79,2.777,0.166,3M,3M,-17.741,-20.518,-535.878,63.922,39.324,162.552
Amazon,2022-06-30,2022Q2,15.724,8.965,2.059,0.061,3M,3M,-6.759,-8.818,175.393,65.358,35.574,183.724
Amazon,2022-09-30,2022Q3,16.378,11.404,1.465,0.131,3M,3M,-4.974,-6.439,143.616,65.988,39.665,166.363
Amazon,2022-12-31,2022Q4,16.592,29.173,1.64,0.317,YTD12M−YTD9M,YTD12M−YTD9M,12.581,10.941,56.875,63.645,46.752,136.133
Amazon,2023-03-31,2023Q1,14.207,4.788,1.38,0.008,3M,3M,-9.419,-10.799,296.721,62.901,54.33,115.776
Amazon,2023-06-30,2023Q2,11.455,16.476,1.22,0.24,3M,3M,5.021,3.801,69.525,58.632,61.841,94.811
Amazon,2023-09-30,2023Q3,12.479,21.217,1.005,0.183,3M,3M,8.738,7.733,58.816,54.733,71.654,76.385
Amazon,2023-12-31,2023Q4,14.588,42.465,0.779,0.211,YTD12M−YTD9M,YTD12M−YTD9M,27.877,27.098,34.353,52.729,84.946,62.074
Amazon,2024-03-31,2024Q1,14.925,18.989,0.77,0.042,3M,3M,4.064,3.294,78.598,53.447,99.147,53.907
Amazon,2024-06-30,2024Q2,17.62,25.281,0.538,0.181,3M,3M,7.661,7.123,69.697,59.612,107.952,55.221
Amazon,2024-09-30,2024Q3,22.62,25.971,0.402,0.186,3M,3M,3.351,2.949,87.097,69.753,112.706,61.889
Amazon,2024-12-31,2024Q4,27.834,45.636,0.333,0.445,YTD12M−YTD9M,YTD12M−YTD9M,17.802,17.469,60.991,82.999,115.877,71.627
Amazon,2025-03-31,2025Q1,25.019,17.015,0.41,0.054,3M,3M,-8.004,-8.414,147.041,93.093,113.903,81.73
Amazon,2025-06-30,2025Q2,32.183,32.515,0.411,0.937,3M,3M,0.332,-0.079,98.979,107.656,121.137,88.871
Amazon,2025-09-30,2025Q3,35.095,35.525,0.351,0.977,3M,3M,0.43,0.079,98.79,120.131,130.691,91.92
Amazon,2025-12-31,2025Q4,39.522,54.459,0.385,0.943,YTD12M−YTD9M,YTD12M−YTD9M,14.937,14.552,72.572,131.819,139.514,94.484
Amazon,2026-03-31,2026Q1,44.203,26.032,0.468,1.565,3M,3M,-18.171,-18.639,169.803,151.003,148.531,101.664
Amazon,2026-06-30,2026Q2,54.208,45.387,0.395,0.563,3M,3M,-8.821,-9.216,119.435,173.028,161.403,107.202
Meta,2011-09-30,2011Q3,0.136,0.565,,,YTD9M−YTD6M,YTD9M−YTD6M,0.429,0.429,24.071,,,
Meta,2011-12-31,2011Q4,0.185,0.51,,,YTD12M−YTD9M,YTD12M−YTD9M,0.325,0.325,36.275,,,
Meta,2012-03-31,2012Q1,0.453,0.441,,,3M,3M,-0.012,-0.012,102.721,,,
Meta,2012-06-30,2012Q2,0.413,0.24,,,YTD6M−YTD3M,YTD6M−YTD3M,-0.173,-0.173,172.083,1.187,1.756,67.597
Meta,2012-09-30,2012Q3,0.171,0.25,,,YTD9M−YTD6M,YTD9M−YTD6M,0.079,0.079,68.4,1.222,1.441,84.802
Meta,2012-12-31,2012Q4,0.198,0.681,,,YTD12M−YTD9M,YTD12M−YTD9M,0.483,0.483,29.075,1.235,1.612,76.613
Meta,2013-03-31,2013Q1,0.327,0.719,,,3M,3M,0.392,0.392,45.48,1.109,1.89,58.677
Meta,2013-06-30,2013Q2,0.268,1.322,,,YTD6M−YTD3M,YTD6M−YTD3M,1.054,1.054,20.272,0.964,2.972,32.436
Meta,2013-09-30,2013Q3,0.284,0.95,,,YTD9M−YTD6M,YTD9M−YTD6M,0.666,0.666,29.895,1.077,3.672,29.33
Meta,2013-12-31,2013Q4,0.483,1.231,,,YTD12M−YTD9M,YTD12M−YTD9M,0.748,0.748,39.236,1.362,4.222,32.26
Meta,2014-03-31,2014Q1,0.363,1.285,,,3M,3M,0.922,0.922,28.249,1.398,4.788,29.198
Meta,2014-06-30,2014Q2,0.469,1.341,,,YTD6M−YTD3M,YTD6M−YTD3M,0.872,0.872,34.974,1.599,4.807,33.264
Meta,2014-09-30,2014Q3,0.482,1.248,,,YTD9M−YTD6M,YTD9M−YTD6M,0.766,0.766,38.622,1.797,5.105,35.201
Meta,2014-12-31,2014Q4,0.517,3.452,,,YTD12M−YTD9M,YTD12M−YTD9M,2.935,2.935,14.977,1.831,7.326,24.993
Meta,2015-03-31,2015Q1,0.502,1.7,,,3M,3M,1.198,1.198,29.529,1.97,7.741,25.449
Meta,2015-06-30,2015Q2,0.549,1.88,,,YTD6M−YTD3M,YTD6M−YTD3M,1.331,1.331,29.202,2.05,8.28,24.758
Meta,2015-09-30,2015Q3,0.78,2.192,,,YTD9M−YTD6M,YTD9M−YTD6M,1.412,1.412,35.584,2.348,9.224,25.455
Meta,2015-12-31,2015Q4,0.692,4.548,,,YTD12M−YTD9M,YTD12M−YTD9M,3.856,3.856,15.215,2.523,10.32,24.448
Meta,2016-03-31,2016Q1,1.132,3.477,,,3M,3M,2.345,2.345,32.557,3.153,12.097,26.064
Meta,2016-06-30,2016Q2,0.995,3.665,,,YTD6M−YTD3M,YTD6M−YTD3M,2.67,2.67,27.149,3.599,13.882,25.926
Meta,2016-09-30,2016Q3,1.095,4.036,,,YTD9M−YTD6M,YTD9M−YTD6M,2.941,2.941,27.131,3.914,15.726,24.889
Meta,2016-12-31,2016Q4,1.269,4.93,,,YTD12M−YTD9M,YTD12M−YTD9M,3.661,3.661,25.74,4.491,16.108,27.881
Meta,2017-03-31,2017Q1,1.271,5.058,,,3M,3M,3.787,3.787,25.129,4.63,17.689,26.174
Meta,2017-06-30,2017Q2,1.444,5.36,,,YTD6M−YTD3M,YTD6M−YTD3M,3.916,3.916,26.94,5.079,19.384,26.202
Meta,2017-09-30,2017Q3,1.755,6.127,,,YTD9M−YTD6M,YTD9M−YTD6M,4.372,4.372,28.644,5.739,21.475,26.724
Meta,2017-12-31,2017Q4,2.263,7.671,,,YTD12M−YTD9M,YTD12M−YTD9M,5.408,5.408,29.501,6.733,24.216,27.804
Meta,2018-03-31,2018Q1,2.812,7.86,0.0,,3M,3M,5.048,5.048,35.776,8.274,27.018,30.624
Meta,2018-06-30,2018Q2,3.46,6.298,0.0,,YTD6M−YTD3M,YTD6M−YTD3M,2.838,2.838,54.938,10.29,27.956,36.808
Meta,2018-09-30,2018Q3,3.342,7.498,0.0,,YTD9M−YTD6M,YTD9M−YTD6M,4.156,4.156,44.572,11.877,29.327,40.499
Meta,2018-12-31,2018Q4,4.301,7.618,0.0,,YTD12M−YTD9M,YTD12M−YTD9M,3.317,3.317,56.458,13.915,29.274,47.534
Meta,2019-03-31,2019Q1,3.837,9.308,0.125,,3M,3M,5.471,5.346,41.223,14.94,30.722,48.63
Meta,2019-06-30,2019Q2,3.633,8.616,0.142,,YTD6M−YTD3M,YTD6M−YTD3M,4.983,4.841,42.166,15.113,33.04,45.742
Meta,2019-09-30,2019Q3,3.532,9.307,0.144,,YTD9M−YTD6M,YTD9M−YTD6M,5.775,5.631,37.95,15.303,34.849,43.912
Meta,2019-12-31,2019Q4,4.1,9.083,0.141,,YTD12M−YTD9M,YTD12M−YTD9M,4.983,4.842,45.139,15.102,36.314,41.587
Meta,2020-03-31,2020Q1,3.558,11.001,0.1,,3M,3M,7.443,7.343,32.343,14.823,38.007,39.001
Meta,2020-06-30,2020Q2,3.255,3.877,0.109,,YTD6M−YTD3M,YTD6M−YTD3M,0.622,0.513,83.957,14.445,33.268,43.42
Meta,2020-09-30,2020Q3,3.689,9.829,0.189,,YTD9M−YTD6M,YTD9M−YTD6M,6.14,5.951,37.532,14.602,33.79,43.214
Meta,2020-12-31,2020Q4,4.661,14.04,0.206,,YTD12M−YTD9M,YTD12M−YTD9M,9.379,9.173,33.198,15.163,38.747,39.133
Meta,2021-03-31,2021Q1,4.303,12.242,0.151,0.024,3M,3M,7.939,7.788,35.149,15.908,39.988,39.782
Meta,2021-06-30,2021Q2,4.641,13.247,0.123,0.046,YTD6M−YTD3M,YTD6M−YTD3M,8.606,8.483,35.034,17.294,49.358,35.038
Meta,2021-09-30,2021Q3,4.346,14.09,0.231,0.054,YTD9M−YTD6M,YTD9M−YTD6M,9.744,9.513,30.845,17.951,53.619,33.479
Meta,2021-12-31,2021Q4,5.4,18.104,0.172,0.036,YTD12M−YTD9M,YTD12M−YTD9M,12.704,12.532,29.828,18.69,57.683,32.401
Meta,2022-03-31,2022Q1,5.441,14.076,0.233,0.052,3M,3M,8.635,8.402,38.654,19.828,59.517,33.315
Meta,2022-06-30,2022Q2,7.572,12.196,0.219,0.051,YTD6M−YTD3M,YTD6M−YTD3M,4.624,4.405,62.086,22.759,58.466,38.927
Meta,2022-09-30,2022Q3,9.375,9.692,0.163,0.011,YTD9M−YTD6M,YTD9M−YTD6M,0.317,0.154,96.729,27.788,54.068,51.395
Meta,2022-12-31,2022Q4,8.798,14.511,0.235,0.109,YTD12M−YTD9M,YTD12M−YTD9M,5.713,5.478,60.63,31.186,50.475,61.785
Meta,2023-03-31,2023Q1,6.823,13.998,0.264,0.07,3M,3M,7.175,6.911,48.743,32.568,50.397,64.623
Meta,2023-06-30,2023Q2,6.134,17.309,0.22,0.268,YTD6M−YTD3M,YTD6M−YTD3M,11.175,10.955,35.438,31.13,55.51,56.08
Meta,2023-09-30,2023Q3,6.496,20.402,0.267,0.122,YTD9M−YTD6M,YTD9M−YTD6M,13.906,13.639,31.84,28.251,66.22,42.662
Meta,2023-12-31,2023Q4,7.592,19.404,0.307,0.128,YTD12M−YTD9M,YTD12M−YTD9M,11.812,11.505,39.126,27.045,71.113,38.031
Meta,2024-03-31,2024Q1,6.4,19.246,0.315,,3M,3M,12.846,12.531,33.254,26.622,76.361,34.863
Meta,2024-06-30,2024Q2,8.173,19.37,0.299,,YTD6M−YTD3M,YTD6M−YTD3M,11.197,10.898,42.194,28.661,78.422,36.547
Meta,2024-09-30,2024Q3,8.258,24.724,0.944,,YTD9M−YTD6M,YTD9M−YTD6M,16.466,15.522,33.401,30.423,82.744,36.768
Meta,2024-12-31,2024Q4,14.425,27.988,0.411,,YTD12M−YTD9M,YTD12M−YTD9M,13.563,13.152,51.54,37.256,91.328,40.794
Meta,2025-03-31,2025Q1,12.941,24.026,0.751,,3M,3M,11.085,10.334,53.862,43.797,96.108,45.571
Meta,2025-06-30,2025Q2,16.538,25.561,0.474,,YTD6M−YTD3M,YTD6M−YTD3M,9.023,8.549,64.7,52.162,102.299,50.99
Meta,2025-09-30,2025Q3,18.829,29.999,0.545,,YTD9M−YTD6M,YTD9M−YTD6M,11.17,10.625,62.765,62.733,107.574,58.316
Meta,2025-12-31,2025Q4,21.383,36.214,0.754,,YTD12M−YTD9M,YTD12M−YTD9M,14.831,14.077,59.046,69.691,115.8,60.182
Meta,2026-03-31,2026Q1,18.997,32.226,0.843,,3M,3M,13.229,12.386,58.949,75.747,124.0,61.086
Meta,2026-06-30,2026Q2,30.116,31.862,0.962,,YTD6M−YTD3M,YTD6M−YTD3M,1.746,0.784,94.52,89.325,130.301,68.553
Microsoft,2008-09-30,2008Q3,0.778,3.37,,,3M,3M,2.592,2.592,23.086,,,
Microsoft,2008-12-31,2008Q4,0.842,5.782,,,3M,3M,4.94,4.94,14.562,,,
Microsoft,2009-03-31,2009Q1,0.632,6.044,,,3M,3M,5.412,5.412,10.457,,,
Microsoft,2009-06-30,2009Q2,0.867,3.841,,,YTD12M−YTD9M,YTD12M−YTD9M,2.974,2.974,22.572,3.119,19.037,16.384
Microsoft,2009-09-30,2009Q3,0.435,6.107,,,3M,3M,5.672,5.672,7.123,2.776,21.774,12.749
Microsoft,2009-12-31,2009Q4,0.376,4.969,,,3M,3M,4.593,4.593,7.567,2.31,20.961,11.02
Microsoft,2010-03-31,2010Q1,0.408,7.393,,,3M,3M,6.985,6.985,5.519,2.086,22.31,9.35
Microsoft,2010-06-30,2010Q2,0.758,5.604,,,YTD12M−YTD9M,YTD12M−YTD9M,4.846,4.846,13.526,1.977,24.073,8.213
Microsoft,2010-09-30,2010Q3,0.564,8.194,,,3M,3M,7.63,7.63,6.883,2.106,26.16,8.05
Microsoft,2010-12-31,2010Q4,0.491,4.186,,,3M,3M,3.695,3.695,11.73,2.221,25.377,8.752
Microsoft,2011-03-31,2011Q1,0.658,8.672,,,3M,3M,8.014,8.014,7.588,2.471,26.656,9.27
Microsoft,2011-06-30,2011Q2,0.642,5.942,,,YTD12M−YTD9M,YTD12M−YTD9M,5.3,5.3,10.804,2.355,26.994,8.724
Microsoft,2011-09-30,2011Q3,0.436,8.493,,,3M,3M,8.057,8.057,5.134,2.227,27.293,8.16
Microsoft,2011-12-31,2011Q4,0.498,5.862,,,3M,3M,5.364,5.364,8.495,2.234,28.969,7.712
Microsoft,2012-03-31,2012Q1,0.749,9.594,,,3M,3M,8.845,8.845,7.807,2.325,29.891,7.778
Microsoft,2012-06-30,2012Q2,0.622,7.677,,,YTD12M−YTD9M,YTD12M−YTD9M,7.055,7.055,8.102,2.305,31.626,7.288
Microsoft,2012-09-30,2012Q3,0.603,8.484,,,3M,3M,7.881,7.881,7.107,2.472,31.617,7.819
Microsoft,2012-12-31,2012Q4,0.93,4.78,,,3M,3M,3.85,3.85,19.456,2.904,30.535,9.51
Microsoft,2013-03-31,2013Q1,0.93,9.666,,,3M,3M,8.736,8.736,9.621,3.085,30.607,10.079
Microsoft,2013-06-30,2013Q2,1.794,5.903,,,YTD12M−YTD9M,YTD12M−YTD9M,4.109,4.109,30.391,4.257,28.833,14.764
Microsoft,2013-09-30,2013Q3,1.231,8.205,,,3M,3M,6.974,6.974,15.003,4.885,28.554,17.108
Microsoft,2013-12-31,2013Q4,1.732,4.413,,,3M,3M,2.681,2.681,39.248,5.687,28.187,20.176
Microsoft,2014-03-31,2014Q1,1.192,10.099,,,3M,3M,8.907,8.907,11.803,5.949,28.62,20.786
Microsoft,2014-06-30,2014Q2,1.33,9.785,,,YTD12M−YTD9M,YTD12M−YTD9M,8.455,8.455,13.592,5.485,32.502,16.876
Microsoft,2014-09-30,2014Q3,1.282,8.354,,,3M,3M,7.072,7.072,15.346,5.536,32.651,16.955
Microsoft,2014-12-31,2014Q4,1.49,4.34,,,3M,3M,2.85,2.85,34.332,5.294,32.578,16.25
Microsoft,2015-03-31,2015Q1,1.391,9.601,,,3M,3M,8.21,8.21,14.488,5.493,32.08,17.123
Microsoft,2015-06-30,2015Q2,1.781,6.849,,,YTD12M−YTD9M,YTD12M−YTD9M,5.068,5.068,26.004,5.944,29.144,20.395
Microsoft,2015-09-30,2015Q3,1.356,8.876,,,3M,3M,7.52,7.52,15.277,6.018,29.666,20.286
Microsoft,2015-12-31,2015Q4,2.024,5.618,,,3M,3M,3.594,3.594,36.027,6.552,30.944,21.174
Microsoft,2016-03-31,2016Q1,2.308,10.367,,,3M,3M,8.059,8.059,22.263,7.469,31.71,23.554
Microsoft,2016-06-30,2016Q2,2.655,8.464,,,YTD12M−YTD9M,YTD12M−YTD9M,5.809,5.809,31.368,8.343,33.325,25.035
Microsoft,2016-09-30,2016Q3,2.163,11.549,0.006,0.267,3M,3M,9.386,9.38,18.729,9.15,35.998,25.418
Microsoft,2016-12-31,2016Q4,1.988,6.293,0.009,0.498,3M,3M,4.305,4.296,31.591,9.114,36.673,24.852
Microsoft,2017-03-31,2017Q1,1.695,10.66,0.014,0.296,3M,3M,8.965,8.951,15.901,8.501,36.966,22.997
Microsoft,2017-06-30,2017Q2,2.283,11.005,0.017,0.712,YTD12M−YTD9M,YTD12M−YTD9M,8.722,8.705,20.745,8.129,39.507,20.576
Microsoft,2017-09-30,2017Q3,2.132,12.44,0.025,0.728,3M,3M,10.308,10.283,17.138,8.098,40.398,20.046
Microsoft,2017-12-31,2017Q4,2.586,7.875,0.031,0.65,3M,3M,5.289,5.258,32.838,8.696,41.98,20.715
Microsoft,2018-03-31,2018Q1,2.934,12.151,0.037,0.412,3M,3M,9.217,9.18,24.146,9.935,43.471,22.854
Microsoft,2018-06-30,2018Q2,3.98,11.418,0.051,0.143,YTD12M−YTD9M,YTD12M−YTD9M,7.438,7.387,34.857,11.632,43.884,26.506
Microsoft,2018-09-30,2018Q3,3.602,13.657,0.047,0.419,3M,3M,10.055,10.008,26.375,13.102,45.101,29.05
Microsoft,2018-12-31,2018Q4,3.707,8.9,0.054,0.645,3M,3M,5.193,5.139,41.652,14.223,46.126,30.835
Microsoft,2019-03-31,2019Q1,2.565,13.52,0.066,0.658,3M,3M,10.955,10.889,18.972,13.854,47.495,29.169
Microsoft,2019-06-30,2019Q2,4.051,16.108,0.054,0.81,YTD12M−YTD9M,YTD12M−YTD9M,12.057,12.003,25.149,13.925,52.185,26.684
Microsoft,2019-09-30,2019Q3,3.385,13.818,0.079,1.489,3M,3M,10.433,10.354,24.497,13.708,52.346,26.187
Microsoft,2019-12-31,2019Q4,3.545,10.68,0.104,0.863,3M,3M,7.135,7.031,33.193,13.546,54.126,25.027
Microsoft,2020-03-31,2020Q1,3.767,17.504,0.11,0.259,3M,3M,13.737,13.627,21.521,14.748,58.11,25.379
Microsoft,2020-06-30,2020Q2,4.744,18.673,0.116,0.856,YTD12M−YTD9M,YTD12M−YTD9M,13.929,13.813,25.406,15.441,60.675,25.449
Microsoft,2020-09-30,2020Q3,4.907,19.335,0.136,0.635,3M,3M,14.428,14.292,25.379,16.963,66.192,25.627
Microsoft,2020-12-31,2020Q4,4.174,12.516,0.153,1.193,3M,3M,8.342,8.189,33.349,17.592,68.028,25.86
Microsoft,2021-03-31,2021Q1,5.089,22.179,0.168,0.836,3M,3M,17.09,16.922,22.945,18.914,72.703,26.015
Microsoft,2021-06-30,2021Q2,6.452,22.71,0.191,0.626,YTD12M−YTD9M,YTD12M−YTD9M,16.258,16.067,28.41,20.622,76.74,26.873
Microsoft,2021-09-30,2021Q3,5.81,24.54,0.2,1.389,3M,3M,18.73,18.53,23.676,21.525,81.945,26.268
Microsoft,2021-12-31,2021Q4,5.865,14.48,0.222,0.985,3M,3M,8.615,8.393,40.504,23.216,83.909,27.668
Microsoft,2022-03-31,2022Q1,5.34,25.386,0.233,0.72,3M,3M,20.046,19.813,21.035,23.467,87.116,26.938
Microsoft,2022-06-30,2022Q2,6.871,24.629,0.241,1.14,YTD12M−YTD9M,YTD12M−YTD9M,17.758,17.517,27.898,23.886,89.035,26.828
Microsoft,2022-09-30,2022Q3,6.283,23.198,0.256,0.611,3M,3M,16.915,16.659,27.084,24.359,87.693,27.778
Microsoft,2022-12-31,2022Q4,6.274,11.173,0.262,0.598,3M,3M,4.899,4.637,56.153,24.768,84.386,29.351
Microsoft,2023-03-31,2023Q1,6.607,24.441,0.272,1.044,3M,3M,17.834,17.562,27.032,26.035,83.441,31.202
Microsoft,2023-06-30,2023Q2,8.943,28.77,0.266,0.875,YTD12M−YTD9M,YTD12M−YTD9M,19.827,19.561,31.084,28.107,87.582,32.092
Microsoft,2023-09-30,2023Q3,9.917,30.583,0.285,1.704,3M,3M,20.666,20.381,32.427,31.741,94.967,33.423
Microsoft,2023-12-31,2023Q4,9.735,18.853,0.288,1.796,3M,3M,9.118,8.83,51.636,35.202,102.647,34.294
Microsoft,2024-03-31,2024Q1,10.952,31.917,0.323,3.421,3M,3M,20.965,20.642,34.314,39.547,110.123,35.912
Microsoft,2024-06-30,2024Q2,13.873,37.195,0.39,4.712,YTD12M−YTD9M,YTD12M−YTD9M,23.322,22.932,37.298,44.477,118.548,37.518
Microsoft,2024-09-30,2024Q3,14.923,34.18,0.802,4.332,3M,3M,19.257,18.455,43.66,49.483,122.145,40.512
Microsoft,2024-12-31,2024Q4,15.804,22.291,0.48,6.435,3M,3M,6.487,6.007,70.899,55.552,125.583,44.235
Microsoft,2025-03-31,2025Q1,16.745,37.044,0.352,3.241,3M,3M,20.299,19.947,45.203,61.345,130.71,46.932
Microsoft,2025-06-30,2025Q2,17.079,42.647,0.649,6.503,YTD12M−YTD9M,YTD12M−YTD9M,25.568,24.919,40.047,64.551,136.162,47.407
Microsoft,2025-09-30,2025Q3,19.394,45.057,0.639,9.147,3M,3M,25.663,25.024,43.043,69.022,147.039,46.941
Microsoft,2025-12-31,2025Q4,29.876,35.758,0.701,6.33,3M,3M,5.882,5.181,83.551,83.094,160.506,51.77
Microsoft,2026-03-31,2026Q1,30.876,46.679,0.839,4.009,3M,3M,15.803,14.964,66.145,97.225,170.141,57.144
Microsoft,2026-06-30,2026Q2,35.802,55.441,0.922,5.122,YTD12M−YTD9M,YTD12M−YTD9M,19.639,18.717,64.577,115.948,182.935,63.382
Oracle,2010-08-31,2010Q3,0.118,3.817,,,3M,3M,3.699,3.699,3.091,,,
Oracle,2010-11-30,2010Q4,0.121,0.944,,,YTD6M−YTD3M,YTD6M−YTD3M,0.823,0.823,12.818,,,
Oracle,2011-02-28,2011Q1,0.133,2.676,,,YTD9M−YTD6M,YTD9M−YTD6M,2.543,2.543,4.97,,,
Oracle,2011-05-31,2011Q2,0.078,3.777,,,YTD12M−YTD9M,YTD12M−YTD9M,3.699,3.699,2.065,0.45,11.214,4.013
Oracle,2011-08-31,2011Q3,0.16,5.421,,,3M,3M,5.261,5.261,2.951,0.492,12.818,3.838
Oracle,2011-11-30,2011Q4,0.129,1.255,,,YTD6M−YTD3M,YTD6M−YTD3M,1.126,1.126,10.279,0.5,13.129,3.808
Oracle,2012-02-29,2012Q1,0.142,3.01,,,YTD9M−YTD6M,YTD9M−YTD6M,2.868,2.868,4.718,0.509,13.463,3.781
Oracle,2012-05-31,2012Q2,0.217,4.057,,,YTD12M−YTD9M,YTD12M−YTD9M,3.84,3.84,5.349,0.648,13.743,4.715
Oracle,2012-08-31,2012Q3,0.139,5.671,,,3M,3M,5.532,5.532,2.451,0.627,13.993,4.481
Oracle,2012-11-30,2012Q4,0.212,0.795,,,YTD6M−YTD3M,YTD6M−YTD3M,0.583,0.583,26.667,0.71,13.533,5.246
Oracle,2013-02-28,2013Q1,0.116,3.194,,,YTD9M−YTD6M,YTD9M−YTD6M,3.078,3.078,3.632,0.684,13.717,4.987
Oracle,2013-05-31,2013Q2,0.183,4.564,,,YTD12M−YTD9M,YTD12M−YTD9M,4.381,4.381,4.01,0.65,14.224,4.57
Oracle,2013-08-31,2013Q3,0.153,6.292,,,3M,3M,6.139,6.139,2.432,0.664,14.845,4.473
Oracle,2013-11-30,2013Q4,0.126,1.146,,,YTD6M−YTD3M,YTD6M−YTD3M,1.02,1.02,10.995,0.578,15.196,3.804
Oracle,2014-02-28,2014Q1,0.147,3.027,,,YTD9M−YTD6M,YTD9M−YTD6M,2.88,2.88,4.856,0.609,15.029,4.052
Oracle,2014-05-31,2014Q2,0.154,4.456,,,YTD12M−YTD9M,YTD12M−YTD9M,4.302,4.302,3.456,0.58,14.921,3.887
Oracle,2014-08-31,2014Q3,0.201,6.728,,,3M,3M,6.527,6.527,2.988,0.628,15.357,4.089
Oracle,2014-11-30,2014Q4,0.225,1.062,,,YTD6M−YTD3M,YTD6M−YTD3M,0.837,0.837,21.186,0.727,15.273,4.76
Oracle,2015-02-28,2015Q1,0.368,2.263,,,YTD9M−YTD6M,YTD9M−YTD6M,1.895,1.895,16.262,0.948,14.509,6.534
Oracle,2015-05-31,2015Q2,0.597,4.527,,,YTD12M−YTD9M,YTD12M−YTD9M,3.93,3.93,13.188,1.391,14.58,9.54
Oracle,2015-08-31,2015Q3,0.446,5.881,,,3M,3M,5.435,5.435,7.584,1.636,13.733,11.913
Oracle,2015-11-30,2015Q4,0.195,0.516,,,YTD6M−YTD3M,YTD6M−YTD3M,0.321,0.321,37.791,1.606,13.187,12.179
Oracle,2016-02-29,2016Q1,0.368,3.495,,,YTD9M−YTD6M,YTD9M−YTD6M,3.127,3.127,10.529,1.606,14.419,11.138
Oracle,2016-05-31,2016Q2,0.18,3.793,,,YTD12M−YTD9M,YTD12M−YTD9M,3.613,3.613,4.746,1.189,13.685,8.688
Oracle,2016-08-31,2016Q3,0.299,5.875,,,3M,3M,5.576,5.576,5.089,1.042,13.679,7.618
Oracle,2016-11-30,2016Q4,0.757,1.086,,,YTD6M−YTD3M,YTD6M−YTD3M,0.329,0.329,69.705,1.604,14.249,11.257
Oracle,2017-02-28,2017Q1,0.44,2.699,,,YTD9M−YTD6M,YTD9M−YTD6M,2.259,2.259,16.302,1.676,13.453,12.458
Oracle,2017-05-31,2017Q2,0.525,4.466,,,YTD12M−YTD9M,YTD12M−YTD9M,3.941,3.941,11.755,2.021,14.126,14.307
Oracle,2017-08-31,2017Q3,0.473,6.566,,,3M,3M,6.093,6.093,7.204,2.195,14.817,14.814
Oracle,2017-11-30,2017Q4,0.599,0.85,,,YTD6M−YTD3M,YTD6M−YTD3M,0.251,0.251,70.471,2.037,14.581,13.97
Oracle,2018-02-28,2018Q1,0.286,3.31,,,YTD9M−YTD6M,YTD9M−YTD6M,3.024,3.024,8.64,1.883,15.192,12.395
Oracle,2018-05-31,2018Q2,0.378,4.66,,,YTD12M−YTD9M,YTD12M−YTD9M,4.282,4.282,8.112,1.736,15.386,11.283
Oracle,2018-08-31,2018Q3,0.383,6.722,,,3M,3M,6.339,6.339,5.698,1.646,15.542,10.591
Oracle,2018-11-30,2018Q4,0.421,0.546,,,YTD6M−YTD3M,YTD6M−YTD3M,0.125,0.125,77.106,1.468,15.238,9.634
Oracle,2019-02-28,2019Q1,0.443,2.861,,,YTD9M−YTD6M,YTD9M−YTD6M,2.418,2.418,15.484,1.625,14.789,10.988
Oracle,2019-05-31,2019Q2,0.413,4.422,,,YTD12M−YTD9M,YTD12M−YTD9M,4.009,4.009,9.34,1.66,14.551,11.408
Oracle,2019-08-31,2019Q3,0.386,6.0,,,3M,3M,5.614,5.614,6.433,1.663,13.829,12.025
Oracle,2019-11-30,2019Q4,0.349,0.513,,,YTD6M−YTD3M,YTD6M−YTD3M,0.164,0.164,68.031,1.591,13.796,11.532
Oracle,2020-02-29,2020Q1,0.396,3.012,,,YTD9M−YTD6M,YTD9M−YTD6M,2.616,2.616,13.147,1.544,13.947,11.07
Oracle,2020-05-31,2020Q2,0.433,3.614,,,YTD12M−YTD9M,YTD12M−YTD9M,3.181,3.181,11.981,1.564,13.139,11.903
Oracle,2020-08-31,2020Q3,0.436,5.953,,,3M,3M,5.517,5.517,7.324,1.614,13.092,12.328
Oracle,2020-11-30,2020Q4,0.568,1.388,,,YTD6M−YTD3M,YTD6M−YTD3M,0.82,0.82,40.922,1.833,13.967,13.124
Oracle,2021-02-28,2021Q1,0.414,3.704,,,YTD9M−YTD6M,YTD9M−YTD6M,3.29,3.29,11.177,1.851,14.659,12.627
Oracle,2021-05-31,2021Q2,0.717,4.842,,,YTD12M−YTD9M,YTD12M−YTD9M,4.125,4.125,14.808,2.135,15.887,13.439
Oracle,2021-08-31,2021Q3,1.062,5.391,,,3M,3M,4.329,4.329,19.699,2.761,15.325,18.016
Oracle,2021-11-30,2021Q4,0.925,-3.682,,,YTD6M−YTD3M,YTD6M−YTD3M,-4.607,-4.607,-25.122,3.118,10.255,30.405
Oracle,2022-02-28,2022Q1,1.101,3.845,,,YTD9M−YTD6M,YTD9M−YTD6M,2.744,2.744,28.635,3.805,10.396,36.601
Oracle,2022-05-31,2022Q2,1.423,3.985,,,YTD12M−YTD9M,YTD12M−YTD9M,2.562,2.562,35.709,4.511,9.539,47.29
Oracle,2022-08-31,2022Q3,1.719,6.394,,,3M,3M,4.675,4.675,26.885,5.168,10.542,49.023
Oracle,2022-11-30,2022Q4,2.435,0.849,,,YTD6M−YTD3M,YTD6M−YTD3M,-1.586,-1.586,286.808,6.678,15.073,44.304
Oracle,2023-02-28,2023Q1,2.628,4.275,,,YTD9M−YTD6M,YTD9M−YTD6M,1.647,1.647,61.474,8.205,15.503,52.925
Oracle,2023-05-31,2023Q2,1.913,5.647,,,YTD12M−YTD9M,YTD12M−YTD9M,3.734,3.734,33.876,8.695,17.165,50.655
Oracle,2023-08-31,2023Q3,1.314,6.974,,,3M,3M,5.66,5.66,18.841,8.29,17.745,46.717
Oracle,2023-11-30,2023Q4,1.08,0.143,,,YTD6M−YTD3M,YTD6M−YTD3M,-0.937,-0.937,755.245,6.935,17.039,40.701
Oracle,2024-02-29,2024Q1,1.674,5.475,,,YTD9M−YTD6M,YTD9M−YTD6M,3.801,3.801,30.575,5.981,18.239,32.792
Oracle,2024-05-31,2024Q2,2.798,6.081,,,YTD12M−YTD9M,YTD12M−YTD9M,3.283,3.283,46.012,6.866,18.673,36.77
Oracle,2024-08-31,2024Q3,2.303,7.427,0.0,,3M,3M,5.124,5.124,31.008,7.855,19.126,41.07
Oracle,2024-11-30,2024Q4,3.97,1.304,0.0,,YTD6M−YTD3M,YTD6M−YTD3M,-2.666,-2.666,304.448,10.745,20.287,52.965
Oracle,2025-02-28,2025Q1,5.862,5.933,0.008,,YTD9M−YTD6M,YTD9M−YTD6M,0.071,0.063,98.803,14.933,20.745,71.984
Oracle,2025-05-31,2025Q2,9.08,6.157,0.019,2.019,YTD12M−YTD9M,YTD12M−YTD9M,-2.923,-2.942,147.474,21.215,20.821,101.892
Oracle,2025-08-31,2025Q3,8.502,8.14,0.086,1.122,3M,3M,-0.362,-0.448,104.447,27.414,21.534,127.306
Oracle,2025-11-30,2025Q4,12.033,2.066,0.113,,YTD6M−YTD3M,YTD6M−YTD3M,-9.967,-10.08,582.43,35.477,22.296,159.118
Oracle,2026-02-28,2026Q1,18.635,7.151,0.087,,YTD9M−YTD6M,YTD9M−YTD6M,-11.484,-11.571,260.593,48.25,23.514,205.197
Oracle,2026-05-31,2026Q2,16.493,14.62,,1.527,YTD12M−YTD9M,YTD12M−YTD9M,-1.873,-1.873,112.811,55.663,31.977,174.072
Oracle,2026-08-31,2026Q3,28.499,23.103,,1.539,3M,3M,-5.396,-5.396,123.356,75.66,46.94,161.184
