company,cal_year,capex_bn,ocf_bn,n,fin_lease_rou_added_bn,n_rou,capex_plus_fin_lease_bn,fcf_bn,capex_to_ocf_pct
Alphabet,2023,32.25,101.75,4,0.0,0,32.25,69.5,31.7
Alphabet,2024,52.54,125.3,4,0.31,4,52.85,72.76,41.93
Alphabet,2025,91.45,164.71,4,1.61,4,93.05,73.27,55.52
Amazon,2023,52.73,84.95,4,0.64,4,53.37,32.22,62.07
Amazon,2024,83.0,115.88,4,0.85,4,83.85,32.88,71.63
Amazon,2025,131.82,139.51,4,2.91,4,134.73,7.7,94.48
Meta,2023,27.04,71.11,4,0.59,4,27.63,44.07,38.03
Meta,2024,37.26,91.33,4,0.0,0,37.26,54.07,40.79
Meta,2025,69.69,115.8,4,0.0,0,69.69,46.11,60.18
Microsoft,2023,35.2,102.65,4,5.42,4,40.62,67.44,34.29
Microsoft,2024,55.55,125.58,4,18.9,4,74.45,70.03,44.24
Microsoft,2025,83.09,160.51,4,25.22,4,108.32,77.41,51.77
Oracle,2023,6.94,17.04,4,0.0,0,6.94,10.1,40.7
Oracle,2024,10.74,20.29,4,0.0,0,10.74,9.54,52.96
Oracle,2025,35.48,22.3,4,3.14,2,38.62,-13.18,159.12
