cal_quarter,capex5,ocf5,capex4,ocf4,capex5_to_ocf5_pct,capex4_to_ocf4_pct
2023Q1,36.55,71.01,33.93,66.74,51.48,50.84
2023Q2,35.33,96.87,33.42,91.22,36.48,36.64
2023Q3,38.26,109.83,36.95,102.86,34.84,35.92
2023Q4,44.01,99.78,42.93,99.64,44.11,43.09
2024Q1,45.96,104.48,44.29,99.0,43.99,44.74
2024Q2,55.65,114.57,52.85,108.49,48.57,48.72
2024Q3,61.16,123.0,58.86,115.57,49.73,50.93
2024Q4,76.31,136.33,72.34,135.03,55.97,53.57
2025Q1,77.76,120.17,71.9,114.24,64.71,62.94
2025Q2,97.33,134.63,88.25,128.47,72.29,68.69
2025Q3,105.77,167.14,97.27,159.0,63.29,61.18
2025Q4,130.66,180.9,118.63,178.83,72.23,66.34
2026Q1,148.38,157.88,129.75,150.73,93.99,86.08
2026Q2,181.54,186.38,165.05,171.76,97.41,96.09
2026Q3,,,,,,
