group,label,item,company,before,after,unit,change_pct,date_before,date_after,cause,region,in_chart,note,source,source_type,claim_id
потребитель,PS5,PlayStation 5 (с дисководом),Sony,549.99,649.99,USD,18.2,2025-08-21,2026-04-02,причина не названа,США,1,"Sony объяснила повышение «давлением глобальной экономической конъюнктуры», память не упомянула",https://blog.playstation.com/2026/03/27/new-price-changes-for-ps5-ps5-pro-and-playstation-portal-remote-player/,первоисточник,02-14
потребитель,Xbox Series X,Xbox Series X 1 ТБ,Microsoft,649.99,799.99,USD,23.1,2025-10-03,2026-08-01,память — названа компанией,США,1,"Microsoft: память и накопители для консолей подорожали больше чем в 2,5 раза",https://news.xbox.com/en-us/2026/06/25/xbox-console-price-update/ ; https://www.tomshardware.com/video-games/xbox/microsoft-hikes-xbox-series-x-price-again-to-usd649-second-price-increase-of-2025-comes-as-shifting-tariffs-continue-to-plague-tech-prices,первоисточник,02-15
потребитель,iPhone 17,iPhone 17 (256 ГБ),Apple,799,899,USD,12.5,2025-09-09,2026-09-09,причина не названа,США,1,"официального объяснения к сентябрьскому повышению нет; в июне Тим Кук говорил, что Apple больше не может поглощать рост цен на память",https://www.apple.com/newsroom/2025/09/apple-debuts-iphone-17/ ; https://www.apple.com/shop/buy-iphone/iphone-17 ; https://www.macrumors.com/2026/09/09/apple-raises-iphone-17-prices/,первоисточник,02-16
потребитель,"Raspberry Pi 5, 16 ГБ","Raspberry Pi 5, 16 ГБ",Raspberry Pi,120,305,USD,154.2,2025-11-30,2026-04-01,память — названа компанией,мир (рекомендованная цена в USD),1,,https://www.raspberrypi.com/news/1gb-raspberry-pi-5-now-available-at-45-and-memory-driven-price-rises/ ; https://www.raspberrypi.com/news/more-memory-driven-price-rises/ ; https://www.raspberrypi.com/news/a-new-3gb-raspberry-pi-4-for-83-75-and-more-memory-driven-price-increases/,первоисточник,02-81
потребитель,"Raspberry Pi 5, 8 ГБ","Raspberry Pi 5, 8 ГБ",Raspberry Pi,80,175,USD,118.8,2025-11-30,2026-04-01,память — названа компанией,мир (рекомендованная цена в USD),0,,https://www.raspberrypi.com/news/1gb-raspberry-pi-5-now-available-at-45-and-memory-driven-price-rises/ ; https://www.raspberrypi.com/news/more-memory-driven-price-rises/ ; https://www.raspberrypi.com/news/a-new-3gb-raspberry-pi-4-for-83-75-and-more-memory-driven-price-increases/,первоисточник,02-81
потребитель,Switch 2,Nintendo Switch 2,Nintendo,449.99,499.99,USD,11.1,2025-06-05,2026-09-01,память — названа компанией,США,1,память назвал президент Nintendo на брифинге; в объявлении — «изменения рыночных условий»,https://www.nintendo.com/us/whatsnew/price-revision-for-nintendo-switch-2-system/ ; https://www.nintendo.co.jp/corporate/release/en/2026/260508.html ; https://nintendoeverything.com/switch-2-price-increase-explained-nintendo-president/,первоисточник,02-82
потребитель,Steam Deck OLED,Steam Deck OLED 512 ГБ,Valve,549,789,USD,43.7,2023-11-16,2026-05-27,память — названа компанией,США,1,,https://steamcommunity.com/groups/steam_hardware/announcements/detail/672869045073085539 ; https://www.engadget.com/2182286/valve-jacks-up-steam-deck-prices-by-as-much-as-300/,первоисточник,02-83
потребитель,Steam Deck OLED 1 ТБ,Steam Deck OLED 1 ТБ,Valve,649,949,USD,46.2,2023-11-16,2026-05-27,память — названа компанией,США,0,,https://steamcommunity.com/groups/steam_hardware/announcements/detail/672869045073085539 ; https://www.engadget.com/2182286/valve-jacks-up-steam-deck-prices-by-as-much-as-300/,первоисточник,02-83
потребитель,"Framework Desktop, 128 ГБ","Framework Desktop (Ryzen AI Max+ 395, 128 ГБ)",Framework,1999,3449,USD,72.5,2025-02-25,2026-09-29,память — названа компанией,США,1,,https://frame.work/blog/introducing-the-framework-desktop ; https://frame.work/products/desktop-diy-amd-aimax300/configuration/new ; https://frame.work/blog/updates-on-memory-pricing-and-navigating-the-volatile-memory-market,первоисточник,02-84
потребитель,MacBook Air,MacBook Air 13 дюймов (M5),Apple,1099,1299,USD,18.2,2026-03-03,2026-06-25,память — названа компанией,США,1,,https://www.apple.com/newsroom/2026/03/apple-introduces-the-new-macbook-air-with-m5/ ; https://www.apple.com/shop/buy-mac/macbook-air ; https://daringfireball.net/linked/2026/06/26/apples-full-statement-on-yesterdays-price-increases,первоисточник,02-85
потребитель,Pixel 11 против Pixel 10,Google Pixel 11 против Pixel 10 (базовые модели),Google,799,899,USD,12.5,2025-08-20,2026-08-12,память — названа компанией,США,0,,https://blog.google/products/pixel/google-pixel-10-pro-xl/ ; https://blog.google/products-and-platforms/devices/pixel/google-pixel-11-pro-xl/ ; https://9to5google.com/2026/07/24/google-pixel-11-price-increase/,первоисточник,02-86
потребитель,Galaxy Z Fold7,Samsung Galaxy Z Fold7 512 ГБ,Samsung,2119.99,2199.99,USD,3.8,2025-07-09,2026-04-09,память — названа компанией,США,0,,https://www.forbes.com/sites/jaymcgregor/2026/04/12/samsung-price-hike-galaxy-z-fold-7-galaxy-s25-2026/,вторичный,02-87
потребитель,Память 32 ГБ DDR5,"Комплект памяти DDR5 32 ГБ (2×16 ГБ), минимальная цена",розница США (трекер Tom's Hardware),100,409,USD,309.0,2025-10,2026-09-28,сама память,США,1,минимальная цена; в октябре 2025 года комплекты стоили $100–200,https://www.tomshardware.com/pc-components/ram/ram-price-index-2026-lowest-price-on-ddr5-and-ddr4-memory-of-all-capacities,первоисточник,02-59
потребитель,SSD Samsung 2 ТБ,SSD Samsung 990 Evo Plus 2 ТБ,розница США (Tom's Hardware),176,363,USD,106.3,2025-07,2026-07-29,сама память,США,1,было — обычная цена год назад (на Prime Day была $113); стало — цена со скидкой,https://www.tomshardware.com/pc-components/ssds/state-of-play-ssd-pricing-one-year-into-the-ai-component-crisis-220-percent-price-increases-are-crippling-the-diy-market,вторичный,02-12;02-13
потребитель,RTX 5070,"Видеокарта GeForce RTX 5070, минимальная цена",Nvidia и партнёры,549,819,USD,49.2,2025-03-05,2026-09-28,причина не названа,США,1,рекомендованная цена не менялась; минимальная цена в магазинах США,https://www.tomshardware.com/pc-components/gpus/lowest-gpu-prices-tracking ; https://www.tomshardware.com/pc-components/gpus/nvidia-rtx-5070-falls-to-a-historic-low-of-usd479-gpus-price-now-where-it-should-have-been-at-launch,вторичный,02-89
потребитель,RX 9070 XT,"Видеокарта Radeon RX 9070 XT, минимальная цена",AMD и партнёры,599,790,USD,31.9,2025-03-06,2026-09-28,причина не названа,США,0,,https://www.tomshardware.com/pc-components/gpus/lowest-gpu-prices-tracking,вторичный,02-89
малый бизнес,"Hetzner, облачный сервер (апрель)","Hetzner CX23, облачный сервер",Hetzner,2.99,3.99,EUR/мес без НДС,33.4,2026-03-31,2026-04-01,память — названа компанией,"Германия, Финляндия",1,проценты — по Tom's Hardware; Hetzner подтверждает дату и охват,https://www.tomshardware.com/tech-industry/hetzner-to-raise-prices-by-up-to-37-percent-from-april-1 ; https://www.hetzner.com/pressroom/statement-price-adjustment/ ; https://docs.hetzner.com/general/infrastructure-and-availability/price-adjustment/,вторичный,02-21
малый бизнес,"Hetzner, облачный сервер (июнь, новые заказы)","Hetzner CPX52, облачный сервер (новые заказы)",Hetzner,36.49,100.49,EUR/мес без НДС,175.4,2026-06-14,2026-06-15,память — названа компанией,"Германия, Финляндия",1,максимум по Германии и Финляндии; действующие серверы — по старым ценам,https://docs.hetzner.com/general/infrastructure-and-availability/price-adjustment/ ; https://www.hetzner.com/pressroom/standardization-and-price-adjustment-of-our-server-products/,первоисточник,02-22
малый бизнес,"Hetzner США (июнь, новые заказы)","Hetzner CPX41, облачный сервер (новые заказы)",Hetzner,38.99,120.49,EUR/мес без НДС,209.0,2026-06-14,2026-06-15,память — названа компанией,США,0,,https://docs.hetzner.com/general/infrastructure-and-availability/price-adjustment/ ; https://www.hetzner.com/pressroom/standardization-and-price-adjustment-of-our-server-products/,первоисточник,02-23
малый бизнес,"OVHcloud, игровой сервер","OVHcloud GAME-1, игровой выделенный сервер Gen 2026",OVHcloud,139.99,279.99,EUR/мес без НДС,100.0,2026-08-10,2026-08-11,память — названа компанией,ЕС,1,"максимум; GAME-2 +74%, в среднем по двум моделям +87%",https://blog.ovhcloud.com/en/posts/dedicated-servers-pricing-update-h2-2026/,первоисточник,02-24
малый бизнес,OVHcloud GAME-2,"OVHcloud GAME-2, игровой выделенный сервер Gen 2026",OVHcloud,179.99,313.99,EUR/мес без НДС,74.4,2026-08-10,2026-08-11,память — названа компанией,ЕС,0,,https://blog.ovhcloud.com/en/posts/dedicated-servers-pricing-update-h2-2026/,первоисточник,02-24
малый бизнес,OVHcloud ADVANCE-1,"OVHcloud ADVANCE-1, выделенный сервер Gen 2024",OVHcloud,89.99,114.99,EUR/мес без НДС,27.8,2026-08-10,2026-08-11,память — названа компанией,ЕС,0,,https://blog.ovhcloud.com/en/posts/dedicated-servers-pricing-update-h2-2026/,первоисточник,02-77
малый бизнес,"Scaleway, выделенный сервер","Scaleway Dedibox Core-10-M, выделенный сервер",Scaleway,299.99,349.99,EUR/мес,16.7,2026-05-31,2026-06-01,память — названа компанией,ЕС,1,,https://www.scaleway.com/en/blog/a-transparent-update-on-scaleway-pricing/,первоисточник,02-91
малый бизнес,"Scaleway, виртуальная машина","Scaleway PRO2-S, виртуальная машина",Scaleway,0.219,0.2234,EUR/час,2.0,2026-05-31,2026-06-01,память — названа компанией,ЕС,1,,https://www.scaleway.com/en/blog/a-transparent-update-on-scaleway-pricing/,первоисточник,02-91
малый бизнес,"DigitalOcean, час H100","DigitalOcean GPU Droplet H100, по требованию",DigitalOcean,3.39,4.41,USD/час за GPU,30.1,2026-07-31,2026-08-01,спрос на ускорители,мир,1,,https://www.digitalocean.com/blog/price-changes-gpus,первоисточник,02-90
малый бизнес,"DigitalOcean, базовый сервер",DigitalOcean Basic Droplet 1 ГБ (не подорожал),DigitalOcean,6,6,USD/мес,0.0,2022-07-01,2026-09-29,без изменений,мир,1,,https://www.digitalocean.com/pricing/droplets ; https://www.digitalocean.com/blog/new-4-dollar-droplet-updated-pricing,первоисточник,02-99
малый бизнес,H100 по годовому контракту,Аренда H100 по годовому контракту,рынок (SemiAnalysis),1.7,2.35,USD/час за GPU,38.2,2025-10,2026-03,спрос на ускорители,мир,1,"индекс SemiAnalysis, октябрь 2025 → март 2026","реестр, 02-26 (SemiAnalysis)",данные,02-26
малый бизнес,"Индекс Ornn, H100","Аренда H100, дневной индекс Ornn (откат от пика)",Ornn,3.17,2.49,USD/час за GPU,-21.5,2026-09-07,2026-09-27,спрос на ускорители,мир,0,,"реестр, 02-27 (индекс Ornn)",данные,02-27
малый бизнес,"AWS, январь","AWS EC2 Capacity Blocks, p5e.48xlarge (8×H200), январь",AWS,34.61,39.8,USD/час за инстанс,15.0,2025-12,2026-01,спрос на ускорители,большинство регионов,0,,https://www.itpro.com/cloud/cloud-computing/aws-amazon-ec2-capacity-blocks-price-increase,вторичный,02-29
малый бизнес,"AWS, июль","AWS EC2 Capacity Blocks, p5e.48xlarge (8×H200), июль",AWS,39.8,47.76,USD/час за инстанс,20.0,2026-06-30,2026-07-01,спрос на ускорители,большинство регионов,0,,https://aws.amazon.com/ec2/capacityblocks/pricing/ ; https://www.thestreet.com/investing/amazon-raises-price-ai-ec2-capacity-blocks,первоисточник,02-30
малый бизнес,"AWS, октябрь","AWS EC2 Capacity Blocks, p5e.48xlarge (8×H200), октябрь (объявлено)",AWS,47.76,54.928,USD/час за инстанс,15.0,2026-10-06,2026-10-07,спрос на ускорители,все регионы,0,,https://aws.amazon.com/ec2/capacityblocks/pricing/,первоисточник,02-80
малый бизнес,Microsoft 365 Basic,Microsoft 365 Business Basic,Microsoft,6,7,USD/пользователь/мес,16.7,2026-06-30,2026-07-01,новые функции (безопасность и управление),мир,1,,"реестр, 02-31 ; https://learn.microsoft.com/en-us/partner-center/announcements/2025-december",первоисточник,02-31
малый бизнес,Microsoft 365 Standard,Microsoft 365 Business Standard,Microsoft,12.5,14,USD/пользователь/мес,12.0,2026-06-30,2026-07-01,новые функции (безопасность и управление),мир,1,,"реестр, 02-31 ; https://learn.microsoft.com/en-us/partner-center/announcements/2025-december",первоисточник,02-31
малый бизнес,Microsoft 365 Premium,Microsoft 365 Business Premium (не подорожал),Microsoft,22,22,USD/пользователь/мес,0.0,2026-06-30,2026-07-01,без изменений,мир,0,,"реестр, 02-31 ; https://learn.microsoft.com/en-us/partner-center/announcements/2025-december",первоисточник,02-31
малый бизнес,Google Workspace,Google Workspace Business Standard,Google,12,14,USD/пользователь/мес,16.7,2025-01-15,2025-01-16,новые функции (встроенный ИИ),мир (прайс в USD),0,,https://workspace.google.com/blog/product-announcements/empowering-businesses-with-AI,первоисточник,02-92
малый бизнес,Slack Business+,Slack Business+,Salesforce,12.5,15,USD/пользователь/мес,20.0,2025-06-16,2025-06-17,новые функции (встроенный ИИ),мир (прайс в USD),0,,https://slack.com/blog/news/june-2025-pricing-and-packaging-announcement,первоисточник,02-93
малый бизнес,Adobe Creative Cloud Pro,"Adobe Creative Cloud Pro (бывш. All Apps), годовой план с помесячной оплатой",Adobe,59.99,69.99,USD/мес,16.7,2025-06-16,2025-06-17,новые функции (встроенный ИИ),Северная Америка,0,,https://helpx.adobe.com/account/individual/subscriptions-and-plans/plan-types-and-eligibility/changes-to-individual-plan.html ; https://www.theregister.com/2025/05/20/adobe_price_hikes/,первоисточник,02-94
малый бизнес,"AWS, резерв 8 × H200 на час","AWS EC2 Capacity Blocks, p5e.48xlarge (8×H200): январь, июль и октябрь 2026 года",AWS,34.61,54.93,USD/час за инстанс,58.7,2025-12,2026-10-07,спрос на ускорители,большинство регионов,1,"три повышения: +15% в январе, +20% в июле, +15% с 7 октября (объявлено)",https://aws.amazon.com/ec2/capacityblocks/pricing/ ; https://www.itpro.com/cloud/cloud-computing/aws-amazon-ec2-capacity-blocks-price-increase,первоисточник,02-29;02-30;02-80
