date,item,price_usd,in_line,kind,note,source,claim_id
2025-04-11,"32 ГБ DDR5-6000 (Patriot Viper Venom), акция в США",79,0,отдельное предложение или акция,"[контекст: до кризиса] Tom's Hardware, 11.04.2025",https://www.tomshardware.com/pc-components/ddr5/pick-up-32gb-of-patriot-viper-venom-ram-for-just-usd79-these-sticks-hit-the-6000mhz-sweet-spot-for-am5-ryzen-gaming,02-60
2025-10,"32 ГБ DDR5 (2×16 ГБ), минимум по США",100,1,минимум по США,"«около $100–200» в октябре 2025 года; на графике — нижняя граница $100, диапазон показать усами",https://www.tomshardware.com/pc-components/ram/ram-price-index-2026-lowest-price-on-ddr5-and-ddr4-memory-of-all-capacities,02-57
2025-12-01,"32 ГБ DDR5-6000 (Patriot Viper Venom), Newegg",209,0,отдельное предложение или акция,[акция] распродан в тот же день; следующий по цене DDR5-6000 на Newegg — Crucial Pro $327,https://www.tomshardware.com/pc-components/grab-this-usd209-patriot-32gb-ddr5-6000-ram-deal-before-its-gone,02-60
2025-12-08,"32 ГБ DDR5-6000 (Crucial Pro OC), Best Buy — самый дешёвый",273.99,1,минимум по США,[базовый ряд] «the cheapest 32GB (2x16GB) DDR5-6000 RAM kit available»,https://www.tomshardware.com/pc-components/ddr5/grab-a-32gb-ddr5-memory-kit-at-the-cheapest-available-price-before-it-disappears-crucial-ddr5-6000-pro-overclocking-ram-available-for-usd273-99,02-60
2026-01-26,"32 ГБ DDR5 (Corsair Vengeance), Amazon",344,0,отдельное предложение или акция,"[акция] Crucial Pro 32 ГБ — $325 у стороннего продавца, почти нет в наличии",https://www.tomshardware.com/pc-components/ddr5-ram-is-actually-discounted-for-the-first-time-in-months-corsairs-32gb-vengeance-kit-at-amazon-is-now-one-of-the-cheapest-available-options,02-60
2026-01-27,"32 ГБ DDR5 (2×16 ГБ), минимум по США",350,1,минимум по США,"[базовый ряд] вступление индекса от 27.01.2026: «now starts at $350, if it's even in stock» (текст с тех пор не обновлялся)",https://www.tomshardware.com/pc-components/ram/ram-price-index-2026-lowest-price-on-ddr5-and-ddr4-memory-of-all-capacities,02-60
2026-02-03,"32 ГБ DDR5-6000 (Crucial Pro OC), B&H — самый дешёвый DDR5-6000",325.99,0,отдельное предложение или акция,[акция] на $74 дешевле того же комплекта на Newegg,https://www.tomshardware.com/pc-components/snap-up-32gb-of-crucial-pro-overclocking-ram-for-usd325-99-the-cheapest-available-ddr5-6000-kit-for-hitting-amds-sweetspot,02-60
2026-02-23,"32 ГБ DDR5 (Corsair Vengeance), Woot",329.99,0,отдельное предложение или акция,"[акция] ближайшая альтернатива на Amazon — $359; тот же комплект в янв. 2025 — $92,99",https://www.tomshardware.com/pc-components/ddr5-ram-gets-another-fleeting-discount-lowest-price-in-months-corsairs-32gb-vengeance-kit-is-usd329-at-woot,02-60
2026-03-11,"32 ГБ DDR5, минимум по США («новая база»)",359.99,1,минимум по США,[базовый ряд] все комплекты дешевле $359 раскупались за секунды,https://www.tomshardware.com/pc-components/ram/us-ram-crisis-hits-boiling-point-as-ai-mania-wipes-out-all-32gb-ddr5-kits-under-usd359-cheaper-kits-vanish-from-shelves-within-seconds-of-listing,02-60
2026-03-31,"32 ГБ DDR5-6400 (Corsair Pro OC), B&H",309.99,0,отдельное предложение или акция,[акция] однодневная; следующий вариант — Corsair Vengeance DDR5-6000 за $369,https://www.tomshardware.com/pc-components/ddr5/this-32gb-corsair-pro-overclocking-kit-is-the-cheapest-ddr5-ram-youll-find-on-sale-right-now-usd309-99-sale-price-is-usd60-cheaper-than-its-next-best-rival-and-makes-this-the-perfect-deal-for-enthusiast-gaming-pc-builds,02-60
2026-04-29,32 ГБ DDR5 — «рыночная цена»,349,1,минимум по США,[базовый ряд] «the going rate of DDR5 around $349 for 32GB»; флеш-акция Woot в тот же день — $249 с промокодом,https://www.tomshardware.com/pc-components/get-32gb-of-corsair-vengeance-ddr5-ram-for-just-usd249-act-fast-and-dont-miss-woots-blowout-sale,02-60
2026-06-03,"32 ГБ DDR5, минимум по США",375,1,минимум по США,[базовый ряд] до этого «hovered around $320 for some time»,https://www.tomshardware.com/pc-components/ddr5/32gb-of-ddr5-now-costs-usd375-minimum-ai-shortage-continues-to-squeeze-pc-building,02-60
2026-06-17,"32 ГБ DDR5-6000 (Corsair Vengeance RGB), Woot",339.99,0,отдельное предложение или акция,[акция] следующий по цене — на $45 дороже,https://www.tomshardware.com/pc-components/ddr5/this-usd339-corsair-32gb-ddr5-ram-kit-is-the-cheapest-on-sale-right-now-usd45-less-than-the-next-best-rival-secure-overclockable-rgb-kit-with-6-000-mt-s-speeds-for-a-new-gaming-pc-build-and-beat-inevitable-future-price-rises,02-60
2026-06-28,"32 ГБ DDR5 (PNY Performance), самый дешёвый комплект 2×16 ГБ",379.99,1,минимум по США,[базовый ряд] заголовок статьи позже переименован («DDR5 kit still $379»),https://www.tomshardware.com/pc-components/pnys-performance-32gb-ddr5-5600-ram-becomes-the-cheapest-2x16gb-kit-ddr5-kit-gets-a-usd70-discount,02-60
2026-08-24,"32 ГБ DDR5-6000, минимум по США",400,0,отдельное предложение или акция,[базовый ряд] медленный DDR5-4800 (Corsair) — $359,https://www.tomshardware.com/pc-components/ddr5/32gb-of-ddr5-6000-ram-now-costs-usd400-the-latest-price-hike-puts-diy-pc-building-further-out-of-reach-than-ever-before,02-60
2026-08-24,"32 ГБ DDR5-4800 (Corsair), самый дешёвый",359,1,минимум по США,[базовый ряд] медленная память DDR5-4800; DDR5-6000 в тот же день — от $400,https://www.tomshardware.com/pc-components/ddr5/32gb-of-ddr5-6000-ram-now-costs-usd400-the-latest-price-hike-puts-diy-pc-building-further-out-of-reach-than-ever-before,02-60
2026-08-27,"32 ГБ DDR5-6000 (Patriot Viper), следующий после распроданной акции",409.99,0,отдельное предложение или акция,[базовый ряд DDR5-6000] обновление статьи после распродажи акционного Corsair,https://www.tomshardware.com/pc-components/ddr5/usd215-discount-turns-corsairs-ddr5-6000-vengeance-memory-kit-into-the-cheapest-32gb-of-ram-at-those-speeds-35-percent-saving-as-stock-dwindles-and-prices-continue-to-rise,02-60
2026-09-02,"32 ГБ DDR5 (PNY Performance), самый дешёвый",399.99,0,отдельное предложение или акция,[акция] «after prices recently shot up past $400»,https://www.tomshardware.com/pc-components/ddr5/this-32gb-ddr5-ram-kit-is-now-the-cheapest-on-sale-dropping-back-under-usd400-13-percent-discount-on-an-unflashy-pny-memory-kit-for-new-gaming-pc-builds-or-upgrades,02-60
2026-09-08,"32 ГБ DDR5-5200 (Team T-Force Delta), самый дешёвый",389.99,1,минимум по США,"[базовый ряд] DDR5-6400 — $415,99; «regularly push above $400 now»",https://www.tomshardware.com/pc-components/ddr5/this-usd389-32gb-ddr5-ram-kit-is-the-cheapest-on-sale-right-now-for-a-gaming-pc-upgrade-higher-spec-ram-for-usd415-gives-pc-builders-rare-choice-as-the-ai-boom-continues-to-force-memory-prices-higher,02-60
2026-09-17,"32 ГБ DDR5-5600 (Corsair Vengeance RGB), самый дешёвый",409.99,1,минимум по США,"[базовый ряд] DDR5-6200 — $419,99",https://www.tomshardware.com/pc-components/ddr5/corsairs-32gb-vengeance-kits-are-the-cheapest-ddr5-ram-on-the-market-right-now-lock-down-6-200-mt-s-speeds-for-usd419-99-or-save-usd10-on-a-slower-rgb-kit-for-usd409-99-before-memory-prices-climb-further,02-60
2026-09-28,"32 ГБ DDR5-5600, минимум по США (индекс Tom's Hardware)",409,1,минимум по США,"[базовый ряд] таблица индекса, обновление 28.09.2026; исторический минимум — $72",https://www.tomshardware.com/pc-components/ram/ram-price-index-2026-lowest-price-on-ddr5-and-ddr4-memory-of-all-capacities,02-58
2026-09-28,"32 ГБ DDR5-6000, минимум по США (индекс Tom's Hardware)",429,0,отдельное предложение или акция,[базовый ряд DDR5-6000] исторический минимум — $72; 64 ГБ DDR5-6000 — $913,https://www.tomshardware.com/pc-components/ram/ram-price-index-2026-lowest-price-on-ddr5-and-ddr4-memory-of-all-capacities,02-58
