utility,state,delivery_year,effective_date,usd_per_month,pct_of_bill,typical_kwh_month,capacity_share_note,kind,source,source_type,claim_id
PJM (все зоны),PJM,2026/27,2026-06-01,,1.5-5,,"Оценка PJM: рост счетов «у некоторых потребителей» год к году от цены $329,17; зависит от того, как поставщики и штаты перекладывают затраты. После аукционов 2027/28 и 2028/29 PJM процентов не называла",оценка,https://www.pjm.com/-/media/DotCom/about-pjm/newsroom/2025-releases/20250722-pjm-auction-procures-134311-mw-of-generation-resources-supply-responds-to-price-signal.pdf,первоисточник,03-60
BGE,MD,2025/26,2025-06-01,16,14,,"Только мощность, к 2024/25 (с учётом CTR). С RMR Brandon Shores и Wagner — $21 (19%). По приказу PSC BGE взимает рост за 6 месяцев: 3 осенью 2025 и 3 весной 2026. % — изменение счёта для всех классов потребителей",оценка,https://opc.maryland.gov/Portals/0/Files/Publications/RMR%20Bill%20and%20Rates%20Impact%20Report_2024-08-14%20Final.pdf,первоисточник,03-62
Pepco,MD,2025/26,2025-06-01,14,10,,"Только мощность (зона Pepco, часть Мэриленда); в счетах — с августа 2025 (OPC)",оценка,https://opc.maryland.gov/Portals/0/Files/Publications/RMR%20Bill%20and%20Rates%20Impact%20Report_2024-08-14%20Final.pdf,первоисточник,03-62
Potomac Edison,MD,2025/26,2025-06-01,18,24,,"Только мощность (зона APS, часть Мэриленда); в счетах — с октября 2025 (OPC)",оценка,https://opc.maryland.gov/Portals/0/Files/Publications/RMR%20Bill%20and%20Rates%20Impact%20Report_2024-08-14%20Final.pdf,первоисточник,03-62
Delmarva,MD,2025/26,2025-06-01,4,2,,"Только мощность (зона DPL-South, часть Мэриленда); в счетах — с августа 2025 (OPC)",оценка,https://opc.maryland.gov/Portals/0/Files/Publications/RMR%20Bill%20and%20Rates%20Impact%20Report_2024-08-14%20Final.pdf,первоисточник,03-62
Pepco,DC,2025/26,2025-06-01,20.81,,614.0,"Вся поставка (энергия + мощность); 17,7% — рост платы за поставку, а не всего счёта. Доля мощности — около $10 (см. оценку DC OPC)",наблюдалось,https://www.globenewswire.com/news-release/2025/05/07/3076510/0/en/Electricity-Supply-Rates-for-Pepco-Customers-to-Increase-Starting-June-1-2025.html,первоисточник,03-66
Pepco,DC,2025/26,2025-06-01,10,9,614.0,"Только аукцион мощности 2025/26 при прочих равных (DC OPC, Synapse Energy Economics)",оценка,https://opc-dc.gov/wp-content/uploads/2025/05/PJM-Capacity-Market-Report-FINAL-OPC-Synapse.pdf,первоисточник,03-67
Pepco,DC,2026/27,2026-06-01,8.79,6.2,614.0,Вся поставка; DC PSC называет среди причин спрос новых ДЦ и рекордные цены мощности второй год подряд,наблюдалось,https://www.globenewswire.com/news-release/2026/05/20/3298904/0/en/electricity-supply-rates-for-pepco-customers-to-increase-starting-june-1-2026.html,первоисточник,03-68
Delmarva,DE,2025/26,2025-06-01,10,,811.0,Рост платы за поставку; Delmarva связывает его с аукционом мощности июля 2024 года,наблюдалось,https://www.delawarepublic.org/science-health-tech/2025-04-21/delmarva-power-gas-rate-increases-go-into-effect-with-electricity-increase-coming-june-1,вторичный,03-69
Delmarva,DE,2026/27,2026-06-01,14.64,9,811.0,"Оценка Delmarva, приведена Public Advocate штата; мощность не выделена (среди причин — поставка, газ, мощность PJM, передача)",наблюдалось,https://news.delaware.gov/2026/04/06/upcoming-electricity-rate-increase-adds-to-cost-increases-for-delmarva-customers/,первоисточник,03-69
PSE&G,NJ,2025/26,2025-06-01,26.87,17.24,650.0,Весь счёт; BPU: результаты аукциона мощности PJM — «главный драйвер»; доля мощности не выделена,наблюдалось,https://www.nj.gov/bpu/newsroom/2025/approved/20250212.html,первоисточник,03-63
JCP&L,NJ,2025/26,2025-06-01,22.67,20.20,650.0,Весь счёт; BPU: результаты аукциона мощности PJM — «главный драйвер»; доля мощности не выделена,наблюдалось,https://www.nj.gov/bpu/newsroom/2025/approved/20250212.html,первоисточник,03-63
Atlantic City Electric,NJ,2025/26,2025-06-01,28.02,17.23,650.0,Весь счёт; BPU: результаты аукциона мощности PJM — «главный драйвер»; доля мощности не выделена,наблюдалось,https://www.nj.gov/bpu/newsroom/2025/approved/20250212.html,первоисточник,03-63
Rockland Electric,NJ,2025/26,2025-06-01,25.48,18.18,650.0,Весь счёт; BPU: результаты аукциона мощности PJM — «главный драйвер»; доля мощности не выделена,наблюдалось,https://www.nj.gov/bpu/newsroom/2025/approved/20250212.html,первоисточник,03-63
Все EDC Нью-Джерси,NJ,2025/26,2025-06-01,12-15,,,Только мощность: оценка директора Rate Counsel Б. Липмана на слушаниях в легислатуре (10.2024),оценка,https://newjerseymonitor.com/2024/10/02/at-energy-hearing-lawmakers-advised-how-to-keep-electric-bills-from-soaring/,вторичный,03-64
PSE&G,NJ,2026/27,2026-06-01,-3.23,-1.8,650.0,Весь счёт; BPU: результаты «относительно ровные» отчасти благодаря ценовому коллару PJM,наблюдалось,https://www.nj.gov/bpu/newsroom/2026/approved/20260212.html,первоисточник,03-65
JCP&L,NJ,2026/27,2026-06-01,2.23,1.6,650.0,Весь счёт; BPU: результаты «относительно ровные» отчасти благодаря ценовому коллару PJM,наблюдалось,https://www.nj.gov/bpu/newsroom/2026/approved/20260212.html,первоисточник,03-65
Atlantic City Electric,NJ,2026/27,2026-06-01,0.22,0.11,650.0,Весь счёт; BPU: результаты «относительно ровные» отчасти благодаря ценовому коллару PJM,наблюдалось,https://www.nj.gov/bpu/newsroom/2026/approved/20260212.html,первоисточник,03-65
Rockland Electric,NJ,2026/27,2026-06-01,-1.17,-0.7,650.0,Весь счёт; BPU: результаты «относительно ровные» отчасти благодаря ценовому коллару PJM,наблюдалось,https://www.nj.gov/bpu/newsroom/2026/approved/20260212.html,первоисточник,03-65
PECO,PA,2025/26,2025-06-01,7.89,,700.0,"Только генерация: PTC 9,273 → 10,400 ¢/кВт·ч (+12,2%); $ — наш пересчёт при 700 кВт·ч. PECO в 08.2024 ожидала +10% к счёту за два года из-за мощности (июнь 2025, декабрь 2025, июнь 2026)",наблюдалось,https://www.puc.pa.gov/press-release/2025/as-electric-prices-are-rising-puc-offers-tips-to-help-you-take-control-of-your-summer-bill-06022025,первоисточник,03-70
PECO,PA,2026/27,2026-06-01,4.94,3.1,700.0,PECO: рост цен энергии и мощности в PJM; мощность не выделена,наблюдалось,https://bucksco.today/2026/05/pjm-market-prices-drive-peco-bills/,вторичный,03-70
PPL,PA,2025/26,2025-06-01,17.20,,1000.0,"Только генерация: PTC 10,771 → 12,491 ¢/кВт·ч (+16%); $ — наш пересчёт при 1 000 кВт·ч. Президент PPL связывает рост с аукционом мощности PJM",наблюдалось,https://www.puc.pa.gov/press-release/2025/as-electric-prices-are-rising-puc-offers-tips-to-help-you-take-control-of-your-summer-bill-06022025,первоисточник,03-71
PPL,PA,2025/26,2025-12-01,4.63,3.7,1000.0,"PTC 12,490 → 12,953 ¢/кВт·ч; PPL ссылается на рост цены мощности $28,92 → $329,17",наблюдалось,https://lancasteronline.com/news/local/heres-how-much-ppl-electric-utilities-bills-are-set-to-rise-next-month/article_023c7871-38e9-42e2-b127-830b114ae854.html,вторичный,03-71
PPL,PA,2026/27,2026-06-01,1.94,,1000.0,"Только генерация: PTC 12,953 → 13,147 ¢/кВт·ч (+1,5%); $ — наш пересчёт",наблюдалось,https://www.puc.pa.gov/press-release/2026/puc-alerts-consumers-to-june-1-electric-price-changes-and-higher-summer-energy-costs-5-20-26,первоисточник,03-74
Duquesne Light,PA,2025/26,2025-06-01,9.34,6.8,600.0,"Весь счёт $138,07 → $147,41 (не отапливающийся дом); PTC +15%; компания называет спрос ДЦ и закрытие станций",наблюдалось,https://newsroom.duquesnelight.com/energy-generation-is-getting-more-expensive-heres-how-you-can-save-money,первоисточник,03-72
Duquesne Light,PA,2026/27,2026-06-01,2.34,,600.0,"Только генерация: PTC 13,75 → 14,14 ¢/кВт·ч (+2,84%); $ — наш пересчёт",наблюдалось,https://www.puc.pa.gov/press-release/2026/puc-alerts-consumers-to-june-1-electric-price-changes-and-higher-summer-energy-costs-5-20-26,первоисточник,03-74
Met-Ed,PA,2025/26,2025-06-01,6.69,4.8,750.0,"Весь счёт (FirstEnergy PA); PTC 11,011 → 11,903 ¢/кВт·ч; к декабрю 2024; мощность не выделена",наблюдалось,https://www.firstenergycorp.com/help/pa-understanding-rising-energy-supply-prices.html,первоисточник,03-73
Penelec,PA,2025/26,2025-06-01,3.96,2.5,750.0,"Весь счёт (FirstEnergy PA); PTC 10,474 → 11,003 ¢/кВт·ч; к декабрю 2024; мощность не выделена",наблюдалось,https://www.firstenergycorp.com/help/pa-understanding-rising-energy-supply-prices.html,первоисточник,03-73
Penn Power,PA,2025/26,2025-06-01,5.17,3.6,750.0,"Весь счёт (FirstEnergy PA); PTC 11,168 → 11,857 ¢/кВт·ч; к декабрю 2024; мощность не выделена",наблюдалось,https://www.firstenergycorp.com/help/pa-understanding-rising-energy-supply-prices.html,первоисточник,03-73
West Penn Power,PA,2025/26,2025-06-01,8.36,5.2,750.0,"Весь счёт (FirstEnergy PA); PTC 9,481 → 10,317 ¢/кВт·ч; к декабрю 2024; мощность не выделена",наблюдалось,https://www.firstenergycorp.com/help/pa-understanding-rising-energy-supply-prices.html,первоисточник,03-73
Met-Ed,PA,2026/27,2026-06-01,7.40,,750.0,"Только генерация: PTC 12,965 → 13,951 ¢/кВт·ч (+7,6%); $ — наш пересчёт при 750 кВт·ч",наблюдалось,https://www.puc.pa.gov/press-release/2026/puc-alerts-consumers-to-june-1-electric-price-changes-and-higher-summer-energy-costs-5-20-26,первоисточник,03-74
Penelec,PA,2026/27,2026-06-01,10.46,,750.0,"Только генерация: PTC 11,747 → 13,142 ¢/кВт·ч (+11,88%); $ — наш пересчёт при 750 кВт·ч",наблюдалось,https://www.puc.pa.gov/press-release/2026/puc-alerts-consumers-to-june-1-electric-price-changes-and-higher-summer-energy-costs-5-20-26,первоисточник,03-74
Penn Power,PA,2026/27,2026-06-01,6.53,,750.0,"Только генерация: PTC 12,606 → 13,477 ¢/кВт·ч (+6,9%); $ — наш пересчёт при 750 кВт·ч",наблюдалось,https://www.puc.pa.gov/press-release/2026/puc-alerts-consumers-to-june-1-electric-price-changes-and-higher-summer-energy-costs-5-20-26,первоисточник,03-74
West Penn Power,PA,2026/27,2026-06-01,8.46,,750.0,"Только генерация: PTC 10,947 → 12,075 ¢/кВт·ч (+10,3%); $ — наш пересчёт при 750 кВт·ч",наблюдалось,https://www.puc.pa.gov/press-release/2026/puc-alerts-consumers-to-june-1-electric-price-changes-and-higher-summer-energy-costs-5-20-26,первоисточник,03-74
ComEd,IL,2025/26,2025-06-01,10.60,10,,ComEd: рост «платы за мощность» из-за аукциона PJM; ожидание компании — «10–15%»,наблюдалось,https://poweringlives.comed.com/why-is-your-electric-bill-going-up/,первоисточник,03-75
ComEd,IL,2026/27,2026-06-01,,12,,Ожидание ComEd на июнь 2026 — май 2027 (по CUB); мощность — около 20% цены поставки,оценка,https://www.citizensutilityboard.org/blog/2026/06/10/why-is-comed-price-spiking/,вторичный,03-76
AEP Ohio,OH,2025/26,2025-06-01,27,,1000.0,Только генерация SSO; с учётом снижения платы за передачу (−$9) и прочего нетто ≈ +$13 (ответ AEP Ohio),наблюдалось,https://www.aepohiowire.com/upcoming-adjustments-to-your-electric-bill/,первоисточник,03-77
AEP Ohio,OH,2026/27,2026-06-01,1.81,,1000.0,"Генерация SSO 10,12 ¢/кВт·ч; +0,9% к прежней ставке генерации, а не к счёту",наблюдалось,https://www.aepohiowire.com/sso-generation-rate-increase/,первоисточник,03-77
Ohio Edison,OH,2025/26,2025-06-01,14.34,11.8,750.0,Весь счёт (FirstEnergy Ohio); причина — «нехватка предложения и рост спроса» в PJM; мощность не выделена,наблюдалось,https://www.firstenergycorp.com/help/oh-understanding-rising-energy-supply-prices.html,первоисточник,03-78
Illuminating Company (CEI),OH,2025/26,2025-06-01,14.42,12.5,750.0,Весь счёт (FirstEnergy Ohio); причина — «нехватка предложения и рост спроса» в PJM; мощность не выделена,наблюдалось,https://www.firstenergycorp.com/help/oh-understanding-rising-energy-supply-prices.html,первоисточник,03-78
Toledo Edison,OH,2025/26,2025-06-01,16.09,13.3,750.0,Весь счёт (FirstEnergy Ohio); причина — «нехватка предложения и рост спроса» в PJM; мощность не выделена,наблюдалось,https://www.firstenergycorp.com/help/oh-understanding-rising-energy-supply-prices.html,первоисточник,03-78
Ohio Edison,OH,2026/27,2026-06-01,8.50,,750.0,"Только генерация: SSO (энергия + мощность) 8,8919 → 10,0253 ¢/кВт·ч; $ — наш пересчёт",наблюдалось,https://www.energychoicematters.com/stories/20260429aa.html,вторичный,03-78
Illuminating Company (CEI),OH,2026/27,2026-06-01,9.23,,750.0,"Только генерация: SSO (энергия + мощность) 8,9078 → 10,1386 ¢/кВт·ч; $ — наш пересчёт",наблюдалось,https://www.energychoicematters.com/stories/20260429aa.html,вторичный,03-78
Toledo Edison,OH,2026/27,2026-06-01,7.54,,750.0,"Только генерация: SSO (энергия + мощность) 9,1812 → 10,1870 ¢/кВт·ч; $ — наш пересчёт",наблюдалось,https://www.energychoicematters.com/stories/20260429aa.html,вторичный,03-78
AES Ohio (Dayton),OH,2026/27,2026-06-01,14.06,7.5,1000.0,AES Ohio связывает рост с аукционом мощности 2026/27 и прогнозом спроса ДЦ,наблюдалось,https://www.aes-ohio.com/energy-supply,первоисточник,03-79
Duke Energy Ohio,OH,2025/26,2025-06-01,24.28,,1000.0,"Только генерация: PTC 8,0174 → 10,445 ¢/кВт·ч (+30%; в PTC есть отдельный райдер мощности RC); $ — наш пересчёт. В СМИ (WCPO) — «около $10 в месяц» без методики",наблюдалось,https://www.energychoicematters.com/stories/20250501b.html,вторичный,03-80
Duke Energy Ohio,OH,2026/27,2026-06-01,6.20,,1000.0,"Только генерация: PTC 10,0819 → 10,7016 ¢/кВт·ч (+6%); $ — наш пересчёт",наблюдалось,https://www.energychoicematters.com/stories/20260421d.html,вторичный,03-80
Dominion Energy Virginia,VA,2025/26,,,<1,,"Закупки мощности — «менее 1% счёта» (Dominion, 08.2024): компания продаёт свою генерацию на тот же аукцион, выручка гасит расходы",оценка,https://www.utilitydive.com/news/dominion-rate-payers-capacity-auction-pjm-generation/723535/,вторичный,03-81
Appalachian Power,VA/WV,2025/26,,,,,"Работает по FRR (самообеспечение мощностью), в аукционе не участвует — влияние «нулевое или минимальное» (EVA)",оценка,https://americaspower.org/wp-content/uploads/2024/08/EVA-Report-on-PJM-2025-26-BRA-Results-Final.pdf,вторичный,03-81
Модель: домохозяйство PJM (RTO),PJM,2025/26,2025-06-01,20.53,,,"Вся плата за мощность при PLC 2,5 кВт по цене RTO $269,92/МВт-день: $20,53 (PLC 2–3 кВт: $16,42–24,63). Изменение к 2024/25: +$18,33. Часть ДЦ по IMM (63%): ≈ $12,93. Без зональных коэффициентов PJM и CTR",модель,https://www.pjm.com/-/media/DotCom/markets-ops/rpm/rpm-auction-info/2025-2026/2025-2026-base-residual-auction-report.pdf,данные,03-83
Модель: домохозяйство PJM (RTO),PJM,2026/27,2026-06-01,25.03,,,"Вся плата за мощность при PLC 2,5 кВт по цене RTO $329,17/МВт-день: $25,03 (PLC 2–3 кВт: $20,02–30,04). Изменение к 2025/26: +$4,51. Часть ДЦ по IMM (45%): ≈ $11,26. Без зональных коэффициентов PJM и CTR",модель,https://www.pjm.com/-/media/DotCom/markets-ops/rpm/rpm-auction-info/2026-2027/2026-2027-bra-report.pdf,данные,03-83
Модель: домохозяйство PJM (RTO),PJM,2027/28,2027-06-01,25.36,,,"Вся плата за мощность при PLC 2,5 кВт по цене RTO $333,44/МВт-день: $25,36 (PLC 2–3 кВт: $20,28–30,43). Изменение к 2026/27: +$0,32. Часть ДЦ по IMM (40%): ≈ $10,14. Без зональных коэффициентов PJM и CTR",модель,https://www.pjm.com/-/media/DotCom/markets-ops/rpm/rpm-auction-info/2027-2028/2027-2028-bra-report.pdf,данные,03-83
Модель: домохозяйство PJM (RTO),PJM,2028/29,2028-06-01,24.71,,,"Вся плата за мощность при PLC 2,5 кВт по цене RTO $325/МВт-день: $24,71 (PLC 2–3 кВт: $19,77–29,66). Изменение к 2027/28: −$0,64. Часть ДЦ по IMM (38,2%): ≈ $9,44. Без зональных коэффициентов PJM и CTR",модель,https://www.pjm.com/-/media/DotCom/markets-ops/rpm/rpm-auction-info/2028-2029/2028-2029-bra-results-report.pdf,данные,03-83
"Модель: домохозяйство PJM (по IMM, $/МВт·ч)",PJM,2025/26–2026/27,2026-01-01,16.92,,863.0,"I полугодие 2026: мощность $19,61/МВт·ч × 863 кВт·ч (средний дом США, EIA-861 2024); из них часть ДЦ $11,11/МВт·ч → $9,59. Средний профиль нагрузки занижает долю домохозяйств в пике",модель,https://www.monitoringanalytics.com/reports/PJM_State_of_the_Market/2026/2026q2-som-pjm-sec1.pdf,данные,03-84
SemiAnalysis (модель),PJM,2026/27,2026-06-01,29.9,,880.0,"Вся мощность: $329/МВт-день ÷ 24 ч ÷ 0,4 (коэффициент нагрузки) = $34/МВт·ч × 880 кВт·ч",оценка,https://newsletter.semianalysis.com/p/are-ai-datacenters-increasing-electric,вторичный,03-85
NRDC (прогноз),PJM,2028/29,2028,70,,,«Лишние» $70 в месяц к 2028 году из-за прогноза роста ДЦ; допущение — коллар снят после 2027/28 и цена +85%. Коллар продлён до 2029/30 — прогноз устарел,оценка,https://www.nrdc.org/bio/tom-rutigliano/building-data-centers-without-breaking-pjm,первоисточник,03-86
