delivery_year,price_rto_ucap,plc_kw,capacity_usd_month,dc_share_pct,dc_part_usd_month
2025/26,269.92,2.0,16.42,63.0,10.34
2025/26,269.92,2.5,20.53,63.0,12.93
2025/26,269.92,3.0,24.63,63.0,15.52
2026/27,329.17,2.0,20.02,45.0,9.01
2026/27,329.17,2.5,25.03,45.0,11.26
2026/27,329.17,3.0,30.04,45.0,13.52
2027/28,333.44,2.0,20.28,40.0,8.11
2027/28,333.44,2.5,25.36,40.0,10.14
2027/28,333.44,3.0,30.43,40.0,12.17
2028/29,325.0,2.0,19.77,38.2,7.55
2028/29,325.0,2.5,24.71,38.2,9.44
2028/29,325.0,3.0,29.66,38.2,11.33
