date,jurisdiction,body,measure_ru,what_it_requires,status,source,source_type,claim_id
2025-05-20,США — Мэриленд,"Генеральная ассамблея, губернатор; PSC",Next Generation Energy Act (SB 937 / HB 1035),"Спецтарифы для нагрузок от 100 МВт (коэффициент нагрузки >80%): оплата сети, минимальный платёж, долгие контракты, плата за выход, залоги; тарифы — к 01.09.2026, правила PSC — к 01.06.2026",принято,https://mgaleg.maryland.gov/2025RS/bills/sb/sb0937E.pdf,первоисточник,03-110
2025-06-16,США — Орегон,"Законодательное собрание, губернатор; OPUC",POWER Act (HB 3546),ДЦ от 20 МВт — отдельный класс; затраты на класс или напрямую; контракт от 10 лет с минимальным платежом,в силе,https://olis.oregonlegislature.gov/liz/2025R1/Downloads/MeasureDocument/HB3546/Enrolled,первоисточник,03-108
2025-06-20,США — Техас,"Легислатура, губернатор; PUCT, ERCOT",Закон SB 6 о крупных нагрузках,Порог 75 МВт; сбор за исследование ≥$100 000; финансовые гарантии; отключение при веерных отключениях для подключённых после 31.12.2025; пересмотр распределения затрат на передачу к 31.12.2026,в силе,https://capitol.texas.gov/tlodocs/89R/billtext/html/SB00006F.htm,первоисточник,03-107
2025-07-09,США — Огайо,PUCO; AEP Ohio,Тариф AEP Ohio для ДЦ (DCT),ДЦ от 25 МВт платят не менее 85% заявленной мощности до 12 лет (включая разгон до 4 лет),в силе,https://www.aep.com/news/stories/view/10327/,первоисточник,03-28 (реестр); 03-116; 03-117
2025-11-25,США — Вирджиния,SCC; Dominion,Класс тарифов GS-5 (дело PUR-2025-00058),"От 25 МВт: контракт 14 лет с залогом; минимальный платёж 85% за передачу и распределение, 60% за генерацию; для договоров с 01.01.2027",принято,https://www.sec.gov/Archives/edgar/data/715957/000119312526115192/dei-ars-12312025.pdf,первоисточник,03-90; 03-91
2025-12-12,Ирландия,CRU,Политика подключения крупных потребителей (CRU/2025/236),Новые ДЦ — диспетчеризуемая генерация или накопители на 100% MIC; не менее 80% годового спроса — новой ВИЭ-генерацией в Ирландии,в силе,https://cruie-live-96ca64acab2247eca8a850a7e54b-5b34f62.divio-media.com/documents/CRU2025236_Large_Energy_User_connection_policy_decision_paper.pdf,первоисточник,03-32 (реестр)
2025-12-18,США — PJM (федеральный уровень),FERC,Приказ о совместном размещении ДЦ и станций (EL25-49),"Новые услуги передачи для co-located нагрузок (NITS, временная прерываемая, твёрдая и нетвёрдая «контрактная мощность»); оплата регулирования и black start по полной нагрузке; пересмотр неттинга BTMG",принято,https://www.ferc.gov/news-events/news/ferc-directs-nations-largest-grid-operator-create-new-rules-embrace-innovation-and,первоисточник,03-93; 03-94
2026-01-16,США — регион PJM,"Белый дом (NEDC), губернаторы 13 штатов",Statement of Principles Regarding PJM,"Призыв: аукцион Reliability Backstop с 15-летними контрактами к сентябрю 2026, стоимость — на поставщиков с новыми ДЦ; продлить коллар на 2 аукциона; прогноз только по договорам",предложено,https://www.energy.gov/documents/statement-principles-regarding-pjm,первоисточник,03-96; 03-98
2026-01-16,США — PJM,Совет PJM,Решение CIFP по крупным нагрузкам,Порог 50 МВт; реформа прогноза; добровольное «приходи со своей генерацией» + ускоренный трек; ограничение новых нагрузок до pre-emergency DR; подготовка внеочередной закупки,принято,https://www.pjm.com/-/media/DotCom/about-pjm/who-we-are/public-disclosures/2026/20260116-pjm-board-letter-re-results-of-the-cifp-process-large-load-additions.pdf,первоисточник,03-99
2026-03-04,США (федеральный уровень),Белый дом; 7 техкомпаний (с 23.07.2026 — ещё 200+ подписантов),Ratepayer Protection Pledge,"Добровольно: своя новая генерация, оплата сетевых апгрейдов, оплата мощности независимо от потребления",в силе,https://www.whitehouse.gov/releases/2026/03/ratepayer-protection-pledge/,первоисточник,03-106
2026-04-28,США — PJM,FERC,Продление ценового коллара на аукционы 2028/29 и 2029/30,"Потолок ≈$325, пол ≈$175 за МВт-день (UCAP)",в силе,https://insidelines.pjm.com/ferc-approves-capacity-auction-price-collar-to-next-two-capacity-auctions/,первоисточник,03-97
2026-05-13,США — Пенсильвания,PUC,Модельный тариф для крупных нагрузок (M-2025-3054271),"Ориентир для тарифов: от 50 МВт (100 МВт суммарно); оплата инфраструктуры и подключения; депозиты, залоги, правила выхода",принято,https://www.puc.pa.gov/press-release/2026/puc-releases-final-order-establishing-first-of-its-kind-large-load-model-tariff-framework-05132026,первоисточник,03-114
2026-05-18,США — Вирджиния,"Генеральная ассамблея, губернатор",Закон о затратах на обслуживание ДЦ (с поправками губернатора),"SCC должна принять «все необходимые меры», чтобы домохозяйства не платили за обслуживание ДЦ; прямые требования к ДЦ сняты",принято,https://virginiamercury.com/2026/05/18/virginia-governor-signs-dominion-backed-bills-all-eyes-on-regulators-now/,вторичный,03-112
2026-06-10,США — PJM,FERC,Expedited Interconnection Track,"До 10 проектов в год от 250 МВт UCAP, договор о подключении за 10 месяцев; до 31.12.2027",в силе,https://insidelines.pjm.com/ferc-oks-temporary-process-to-fast-track-large-capacity-projects/,первоисточник,03-105
2026-06-18,"США — 6 RTO, включая PJM",FERC,Приказы о подключении крупных нагрузок (EL26-67…EL26-72),"Обосновать тарифы или ввести: соглашения о возмещении затрат с минимальным взносом и залогом, быстрые исследования, услуги для гибких нагрузок; 60 дней на ответ",предложено,https://www.pjm.com/-/media/DotCom/documents/ferc/orders/2026/20260618-el26-67-000.pdf,первоисточник,03-95
2026-07-07,США — Нью-Джерси,"Легислатура, губернатор; BPU",Закон «Data Center Fair Share» (S731 / A796),Класс для ДЦ от ≤50 МВт; оплата ≥85% заявленной мощности 10 лет; затраты на сеть и генерацию для ДЦ — на ДЦ; отключение ДЦ раньше домохозяйств,принято,https://www.nj.gov/governor/news/2026/20260707a.shtml,первоисточник,03-113
2026-07-10,США — Орегон,OPUC,Schedule 96 для PGE (приказ 26-239),"Отдельный класс ДЦ: тариф ДЦ +29%, домохозяйства −1,3%; надбавка 1 цент/кВт·ч для ДЦ от 100 МВт",в силе,https://www.oregon.gov/puc/forms/Forms%20and%20Reports/2026%20POWER%20Act%20Legislative%20Report.pdf,первоисточник,03-109
2026-07-27,США — PJM,Совет PJM,Исключение новых крупных нагрузок из спроса аукционов,С 2029/30 нагрузки без собственной новой мощности не включаются в спрос RPM,принято,https://www.pjm.com/-/media/DotCom/about-pjm/who-we-are/public-disclosures/2026/20260727-board-decisional-letter-on-cifp-reliability-backstop-procurement-and-connect-and-manage.pdf,первоисточник,03-100
2026-07-31,США — PJM,PJM → FERC (ER26-3380),Reliability Backstop Procurement,"Закупка 6 831 МВт UCAP новой мощности на срок до 15 лет, потолок $555 за МВт-день; затраты — на зоны, дальнейшее распределение на ДЦ — штаты",предложено,https://www.pjm.com/pjmfiles/directory/etariff/FercDockets/9806/20260731-er26-3380-000.pdf,первоисточник,03-101; 03-102; 03-103
2026-08-05,США — Вирджиния,SCC; Dominion,Прямое отнесение затрат на передачу (райдер T-1),"Обязательный взнос ДЦ в строительство линий и подстанций, построенных для их подключения; новые правила — за 90 дней",принято,https://www.governor.virginia.gov/newsroom/news-releases/2026/august-releases/name-1122057-en.html,первоисточник,03-111
2026-08-13,США — PJM,PJM → FERC (ER26-3515),Interim Resource Adequacy Service,Новые нагрузки без мощности к 01.06.2027 ограничиваются раньше pre-emergency DR; реестр крупных нагрузок; компенсация за ограничение,предложено,https://www.pjm.com/-/media/DotCom/about-pjm/who-we-are/public-disclosures/2026/20260727-board-decisional-letter-on-cifp-reliability-backstop-procurement-and-connect-and-manage.pdf,первоисточник,03-104
2026-08-18,США — Пенсильвания,Губернатор; PUC,Указ 2026-05 о развитии ДЦ,ДЦ оплачивают новую генерацию и сети; затраты аукциона Reliability Backstop — только ДЦ; ДЦ отключаются первыми,в силе,https://www.pa.gov/governor/newsroom/2026-press-releases/governor-shapiro-signs-executive-order-on-data-center-developmen,первоисточник,03-115
