state,state_ru,pjm_coverage,month,res_price_cents,res_price_cents_prev_year,res_change_pct,all_price_cents,all_change_pct,avg_kwh_month,avg_bill_usd,bill_change_usd_month,source,pjm_share_res_customers_pct,kwh_year,all_price_cents_prev_year,res_price_cents_2y_ago,res_change_2y_pct,bill_change_2y_usd_month,avg_bill_2024_eia_usd,july_bill_actual_2025_usd,july_bill_actual_2026_usd
Delaware,Делавэр,целиком: весь штат в PJM (100% бытовых потребителей),2026-07,18.48,16.58,11.5,15.64,9.4,910.7,168.29,17.3,"EIA Electric Power Monthly, табл. 5.6.A (июль 2026, выпуск 24.09.2026) https://www.eia.gov/electricity/monthly/xls/table_5_06_a.xlsx ; EIA ESRAP 2024, табл. 5A https://www.eia.gov/electricity/sales_revenue_price/xls/table_5A.xlsx ; EIA-861M https://www.eia.gov/electricity/data/state/xls/861m/HS861M%202010-.xlsx ; EIA-861 2024, Sales_Ult_Cust (коды балансирующих зон) https://www.eia.gov/electricity/data/eia861/zip/f8612024.zip ; PJM https://www.pjm.com/about-pjm/who-we-are/territory-served",100.0,2024,14.3,15.61,18.4,26.14,150.87,207.53,197.81
Illinois,Иллинойс,частично: только зона ComEd (север штата с Чикаго) — ≈71% бытовых потребителей; юг (Ameren Illinois) — в MISO. Цена EIA — среднее по всему штату,2026-07,19.22,17.22,11.6,15.89,11.3,693.1,133.22,13.86,"EIA Electric Power Monthly, табл. 5.6.A (июль 2026, выпуск 24.09.2026) https://www.eia.gov/electricity/monthly/xls/table_5_06_a.xlsx ; EIA ESRAP 2024, табл. 5A https://www.eia.gov/electricity/sales_revenue_price/xls/table_5A.xlsx ; EIA-861M https://www.eia.gov/electricity/data/state/xls/861m/HS861M%202010-.xlsx ; EIA-861 2024, Sales_Ult_Cust (коды балансирующих зон) https://www.eia.gov/electricity/data/eia861/zip/f8612024.zip ; PJM https://www.pjm.com/about-pjm/who-we-are/territory-served",71.0,2024,14.28,15.19,26.5,27.93,109.99,184.49,193.07
Indiana,Индиана,"частично: только зона Indiana Michigan Power (AEP; северо-восток, Форт-Уэйн) и ряд муниципальных сетей — ≈20% бытовых потребителей; остальное — MISO. Цена EIA — среднее по всему штату",2026-07,16.73,16.18,3.4,12.92,-0.9,901.1,150.76,4.96,"EIA Electric Power Monthly, табл. 5.6.A (июль 2026, выпуск 24.09.2026) https://www.eia.gov/electricity/monthly/xls/table_5_06_a.xlsx ; EIA ESRAP 2024, табл. 5A https://www.eia.gov/electricity/sales_revenue_price/xls/table_5A.xlsx ; EIA-861M https://www.eia.gov/electricity/data/state/xls/861m/HS861M%202010-.xlsx ; EIA-861 2024, Sales_Ult_Cust (коды балансирующих зон) https://www.eia.gov/electricity/data/eia861/zip/f8612024.zip ; PJM https://www.pjm.com/about-pjm/who-we-are/territory-served",19.6,2024,13.04,14.71,13.7,18.2,133.06,211.38,204.97
Kentucky,Кентукки,"частично: Kentucky Power (восток), Duke Energy Kentucky (север) и кооперативы East Kentucky Power — ≈39% бытовых потребителей; LG&E и KU (Луисвилл, центр) — отдельная балансирующая зона, запад — TVA и MISO. Цена EIA — среднее по всему штату",2026-07,13.81,13.13,5.2,11.18,3.2,1046.5,144.52,7.12,"EIA Electric Power Monthly, табл. 5.6.A (июль 2026, выпуск 24.09.2026) https://www.eia.gov/electricity/monthly/xls/table_5_06_a.xlsx ; EIA ESRAP 2024, табл. 5A https://www.eia.gov/electricity/sales_revenue_price/xls/table_5A.xlsx ; EIA-861M https://www.eia.gov/electricity/data/state/xls/861m/HS861M%202010-.xlsx ; EIA-861 2024, Sales_Ult_Cust (коды балансирующих зон) https://www.eia.gov/electricity/data/eia861/zip/f8612024.zip ; PJM https://www.pjm.com/about-pjm/who-we-are/territory-served",39.1,2024,10.83,12.45,10.9,14.23,133.81,197.43,192.52
Maryland,Мэриленд,целиком: весь штат в PJM (100% бытовых потребителей),2026-07,21.41,18.83,13.7,19.35,14.8,928.8,198.86,23.96,"EIA Electric Power Monthly, табл. 5.6.A (июль 2026, выпуск 24.09.2026) https://www.eia.gov/electricity/monthly/xls/table_5_06_a.xlsx ; EIA ESRAP 2024, табл. 5A https://www.eia.gov/electricity/sales_revenue_price/xls/table_5A.xlsx ; EIA-861M https://www.eia.gov/electricity/data/state/xls/861m/HS861M%202010-.xlsx ; EIA-861 2024, Sales_Ult_Cust (коды балансирующих зон) https://www.eia.gov/electricity/data/eia861/zip/f8612024.zip ; PJM https://www.pjm.com/about-pjm/who-we-are/territory-served",100.0,2024,16.86,17.24,24.2,38.73,165.87,236.72,253.42
Michigan,Мичиган,"частично: только юго-запад (Indiana Michigan Power и несколько местных сетей) — ≈3,7% бытовых потребителей; остальное — MISO. Цена EIA — среднее по всему штату",2026-07,23.05,20.55,12.2,17.43,11.0,618.2,142.5,15.46,"EIA Electric Power Monthly, табл. 5.6.A (июль 2026, выпуск 24.09.2026) https://www.eia.gov/electricity/monthly/xls/table_5_06_a.xlsx ; EIA ESRAP 2024, табл. 5A https://www.eia.gov/electricity/sales_revenue_price/xls/table_5A.xlsx ; EIA-861M https://www.eia.gov/electricity/data/state/xls/861m/HS861M%202010-.xlsx ; EIA-861 2024, Sales_Ult_Cust (коды балансирующих зон) https://www.eia.gov/electricity/data/eia861/zip/f8612024.zip ; PJM https://www.pjm.com/about-pjm/who-we-are/territory-served",3.7,2024,15.7,19.81,16.4,20.03,119.31,185.39,210.65
New Jersey,Нью-Джерси,целиком: весь штат в PJM (≈100% бытовых потребителей; единичные — в NYISO),2026-07,25.19,25.32,-0.5,21.89,1.5,662.4,166.85,-0.86,"EIA Electric Power Monthly, табл. 5.6.A (июль 2026, выпуск 24.09.2026) https://www.eia.gov/electricity/monthly/xls/table_5_06_a.xlsx ; EIA ESRAP 2024, табл. 5A https://www.eia.gov/electricity/sales_revenue_price/xls/table_5A.xlsx ; EIA-861M https://www.eia.gov/electricity/data/state/xls/861m/HS861M%202010-.xlsx ; EIA-861 2024, Sales_Ult_Cust (коды балансирующих зон) https://www.eia.gov/electricity/data/eia861/zip/f8612024.zip ; PJM https://www.pjm.com/about-pjm/who-we-are/territory-served",100.0,2024,21.56,20.7,21.7,29.74,128.13,286.94,261.02
North Carolina,Северная Каролина,"частично: только северо-восток (Dominion Energy North Carolina и местные кооперативы) — ≈3,5% бытовых потребителей; остальное — Duke Energy (вне RTO) и TVA. Цена EIA — среднее по всему штату",2026-07,15.16,13.37,13.4,12.49,11.6,1015.3,153.92,18.17,"EIA Electric Power Monthly, табл. 5.6.A (июль 2026, выпуск 24.09.2026) https://www.eia.gov/electricity/monthly/xls/table_5_06_a.xlsx ; EIA ESRAP 2024, табл. 5A https://www.eia.gov/electricity/sales_revenue_price/xls/table_5A.xlsx ; EIA-861M https://www.eia.gov/electricity/data/state/xls/861m/HS861M%202010-.xlsx ; EIA-861 2024, Sales_Ult_Cust (коды балансирующих зон) https://www.eia.gov/electricity/data/eia861/zip/f8612024.zip ; PJM https://www.pjm.com/about-pjm/who-we-are/territory-served",3.5,2024,11.19,13.67,10.9,15.13,143.5,185.91,202.8
Ohio,Огайо,целиком: весь штат в PJM (100% бытовых потребителей),2026-07,19.45,17.38,11.9,15.09,15.2,845.5,164.46,17.5,"EIA Electric Power Monthly, табл. 5.6.A (июль 2026, выпуск 24.09.2026) https://www.eia.gov/electricity/monthly/xls/table_5_06_a.xlsx ; EIA ESRAP 2024, табл. 5A https://www.eia.gov/electricity/sales_revenue_price/xls/table_5A.xlsx ; EIA-861M https://www.eia.gov/electricity/data/state/xls/861m/HS861M%202010-.xlsx ; EIA-861 2024, Sales_Ult_Cust (коды балансирующих зон) https://www.eia.gov/electricity/data/eia861/zip/f8612024.zip ; PJM https://www.pjm.com/about-pjm/who-we-are/territory-served",100.0,2024,13.1,15.78,23.3,31.03,135.16,213.82,223.76
Pennsylvania,Пенсильвания,"целиком: практически весь штат в PJM (≈99,9% бытовых потребителей; округ Пайк — NYISO)",2026-07,21.72,19.51,11.3,16.22,11.0,817.2,177.49,18.06,"EIA Electric Power Monthly, табл. 5.6.A (июль 2026, выпуск 24.09.2026) https://www.eia.gov/electricity/monthly/xls/table_5_06_a.xlsx ; EIA ESRAP 2024, табл. 5A https://www.eia.gov/electricity/sales_revenue_price/xls/table_5A.xlsx ; EIA-861M https://www.eia.gov/electricity/data/state/xls/861m/HS861M%202010-.xlsx ; EIA-861 2024, Sales_Ult_Cust (коды балансирующих зон) https://www.eia.gov/electricity/data/eia861/zip/f8612024.zip ; PJM https://www.pjm.com/about-pjm/who-we-are/territory-served",99.9,2024,14.61,17.43,24.6,35.06,145.17,211.48,221.46
Tennessee,Теннесси,"частично: только северо-восток (Kingsport Power, AEP) — ≈1,4% бытовых потребителей; остальное — TVA. Цена EIA — среднее по всему штату",2026-07,13.71,13.21,3.8,12.21,2.9,1153.6,158.15,5.77,"EIA Electric Power Monthly, табл. 5.6.A (июль 2026, выпуск 24.09.2026) https://www.eia.gov/electricity/monthly/xls/table_5_06_a.xlsx ; EIA ESRAP 2024, табл. 5A https://www.eia.gov/electricity/sales_revenue_price/xls/table_5A.xlsx ; EIA-861M https://www.eia.gov/electricity/data/state/xls/861m/HS861M%202010-.xlsx ; EIA-861 2024, Sales_Ult_Cust (коды балансирующих зон) https://www.eia.gov/electricity/data/eia861/zip/f8612024.zip ; PJM https://www.pjm.com/about-pjm/who-we-are/territory-served",1.4,2024,11.87,12.16,12.7,17.88,143.32,207.25,204.74
Virginia,Вирджиния,"почти целиком: ≈98,8% бытовых потребителей в PJM; крайний юго-запад (Бристоль, Kentucky Utilities, Powell Valley) — TVA и LG&E-KU",2026-07,17.55,15.78,11.2,13.49,10.6,1032.4,181.18,18.27,"EIA Electric Power Monthly, табл. 5.6.A (июль 2026, выпуск 24.09.2026) https://www.eia.gov/electricity/monthly/xls/table_5_06_a.xlsx ; EIA ESRAP 2024, табл. 5A https://www.eia.gov/electricity/sales_revenue_price/xls/table_5A.xlsx ; EIA-861M https://www.eia.gov/electricity/data/state/xls/861m/HS861M%202010-.xlsx ; EIA-861 2024, Sales_Ult_Cust (коды балансирующих зон) https://www.eia.gov/electricity/data/eia861/zip/f8612024.zip ; PJM https://www.pjm.com/about-pjm/who-we-are/territory-served",98.8,2024,12.2,14.17,23.9,34.89,148.77,216.38,228.05
West Virginia,Западная Вирджиния,целиком: весь штат в PJM (100% бытовых потребителей),2026-07,15.78,15.43,2.3,11.66,1.6,1026.6,162.0,3.59,"EIA Electric Power Monthly, табл. 5.6.A (июль 2026, выпуск 24.09.2026) https://www.eia.gov/electricity/monthly/xls/table_5_06_a.xlsx ; EIA ESRAP 2024, табл. 5A https://www.eia.gov/electricity/sales_revenue_price/xls/table_5A.xlsx ; EIA-861M https://www.eia.gov/electricity/data/state/xls/861m/HS861M%202010-.xlsx ; EIA-861 2024, Sales_Ult_Cust (коды балансирующих зон) https://www.eia.gov/electricity/data/eia861/zip/f8612024.zip ; PJM https://www.pjm.com/about-pjm/who-we-are/territory-served",100.0,2024,11.48,15.12,4.4,6.78,154.76,198.69,182.32
District of Columbia,округ Колумбия,"целиком: вся территория в PJM (100% бытовых потребителей, Pepco)",2026-07,25.21,23.04,9.4,24.03,14.4,639.4,161.18,13.87,"EIA Electric Power Monthly, табл. 5.6.A (июль 2026, выпуск 24.09.2026) https://www.eia.gov/electricity/monthly/xls/table_5_06_a.xlsx ; EIA ESRAP 2024, табл. 5A https://www.eia.gov/electricity/sales_revenue_price/xls/table_5A.xlsx ; EIA-861M https://www.eia.gov/electricity/data/state/xls/861m/HS861M%202010-.xlsx ; EIA-861 2024, Sales_Ult_Cust (коды балансирующих зон) https://www.eia.gov/electricity/data/eia861/zip/f8612024.zip ; PJM https://www.pjm.com/about-pjm/who-we-are/territory-served",100.0,2024,21.0,17.07,47.7,52.04,113.23,199.52,208.59
United States,США,не PJM: среднее по США — для сравнения,2026-07,18.31,17.45,4.9,14.99,4.4,863.3,158.07,7.42,"EIA Electric Power Monthly, табл. 5.6.A (июль 2026, выпуск 24.09.2026) https://www.eia.gov/electricity/monthly/xls/table_5_06_a.xlsx ; EIA ESRAP 2024, табл. 5A https://www.eia.gov/electricity/sales_revenue_price/xls/table_5A.xlsx ; EIA-861M https://www.eia.gov/electricity/data/state/xls/861m/HS861M%202010-.xlsx ; EIA-861 2024, Sales_Ult_Cust (коды балансирующих зон) https://www.eia.gov/electricity/data/eia861/zip/f8612024.zip ; PJM https://www.pjm.com/about-pjm/who-we-are/territory-served",,2024,14.36,16.62,10.2,14.59,142.26,203.57,212.44
