state,year,res_price_cents,state_ru,yoy_change_pct,data_status,source
Delaware,2019,12.55,Делавэр,,final,"EIA-861 (HS861 2010-, окончательные) https://www.eia.gov/electricity/data/state/xls/861/HS861%202010-.xlsx"
Delaware,2020,12.56,Делавэр,0.1,final,"EIA-861 (HS861 2010-, окончательные) https://www.eia.gov/electricity/data/state/xls/861/HS861%202010-.xlsx"
Delaware,2021,12.52,Делавэр,-0.3,final,"EIA-861 (HS861 2010-, окончательные) https://www.eia.gov/electricity/data/state/xls/861/HS861%202010-.xlsx"
Delaware,2022,13.71,Делавэр,9.5,final,"EIA-861 (HS861 2010-, окончательные) https://www.eia.gov/electricity/data/state/xls/861/HS861%202010-.xlsx"
Delaware,2023,15.73,Делавэр,14.7,final,"EIA-861 (HS861 2010-, окончательные) https://www.eia.gov/electricity/data/state/xls/861/HS861%202010-.xlsx"
Delaware,2024,16.57,Делавэр,5.3,final,"EIA-861 (HS861 2010-, окончательные) https://www.eia.gov/electricity/data/state/xls/861/HS861%202010-.xlsx"
Delaware,2025,17.13,Делавэр,3.4,preliminary,"EIA-861M (HS861M 2010-, сумма 12 месяцев, предварительно) https://www.eia.gov/electricity/data/state/xls/861m/HS861M%202010-.xlsx"
Illinois,2019,13.03,Иллинойс,,final,"EIA-861 (HS861 2010-, окончательные) https://www.eia.gov/electricity/data/state/xls/861/HS861%202010-.xlsx"
Illinois,2020,13.04,Иллинойс,0.1,final,"EIA-861 (HS861 2010-, окончательные) https://www.eia.gov/electricity/data/state/xls/861/HS861%202010-.xlsx"
Illinois,2021,13.18,Иллинойс,1.1,final,"EIA-861 (HS861 2010-, окончательные) https://www.eia.gov/electricity/data/state/xls/861/HS861%202010-.xlsx"
Illinois,2022,15.65,Иллинойс,18.7,final,"EIA-861 (HS861 2010-, окончательные) https://www.eia.gov/electricity/data/state/xls/861/HS861%202010-.xlsx"
Illinois,2023,15.71,Иллинойс,0.4,final,"EIA-861 (HS861 2010-, окончательные) https://www.eia.gov/electricity/data/state/xls/861/HS861%202010-.xlsx"
Illinois,2024,15.87,Иллинойс,1.0,final,"EIA-861 (HS861 2010-, окончательные) https://www.eia.gov/electricity/data/state/xls/861/HS861%202010-.xlsx"
Illinois,2025,17.69,Иллинойс,11.5,preliminary,"EIA-861M (HS861M 2010-, сумма 12 месяцев, предварительно) https://www.eia.gov/electricity/data/state/xls/861m/HS861M%202010-.xlsx"
Indiana,2019,12.58,Индиана,,final,"EIA-861 (HS861 2010-, окончательные) https://www.eia.gov/electricity/data/state/xls/861/HS861%202010-.xlsx"
Indiana,2020,12.83,Индиана,2.0,final,"EIA-861 (HS861 2010-, окончательные) https://www.eia.gov/electricity/data/state/xls/861/HS861%202010-.xlsx"
Indiana,2021,13.37,Индиана,4.2,final,"EIA-861 (HS861 2010-, окончательные) https://www.eia.gov/electricity/data/state/xls/861/HS861%202010-.xlsx"
Indiana,2022,14.59,Индиана,9.1,final,"EIA-861 (HS861 2010-, окончательные) https://www.eia.gov/electricity/data/state/xls/861/HS861%202010-.xlsx"
Indiana,2023,14.94,Индиана,2.4,final,"EIA-861 (HS861 2010-, окончательные) https://www.eia.gov/electricity/data/state/xls/861/HS861%202010-.xlsx"
Indiana,2024,14.77,Индиана,-1.1,final,"EIA-861 (HS861 2010-, окончательные) https://www.eia.gov/electricity/data/state/xls/861/HS861%202010-.xlsx"
Indiana,2025,16.23,Индиана,9.9,preliminary,"EIA-861M (HS861M 2010-, сумма 12 месяцев, предварительно) https://www.eia.gov/electricity/data/state/xls/861m/HS861M%202010-.xlsx"
Kentucky,2019,10.8,Кентукки,,final,"EIA-861 (HS861 2010-, окончательные) https://www.eia.gov/electricity/data/state/xls/861/HS861%202010-.xlsx"
Kentucky,2020,10.87,Кентукки,0.6,final,"EIA-861 (HS861 2010-, окончательные) https://www.eia.gov/electricity/data/state/xls/861/HS861%202010-.xlsx"
Kentucky,2021,11.5,Кентукки,5.8,final,"EIA-861 (HS861 2010-, окончательные) https://www.eia.gov/electricity/data/state/xls/861/HS861%202010-.xlsx"
Kentucky,2022,12.91,Кентукки,12.3,final,"EIA-861 (HS861 2010-, окончательные) https://www.eia.gov/electricity/data/state/xls/861/HS861%202010-.xlsx"
Kentucky,2023,12.65,Кентукки,-2.0,final,"EIA-861 (HS861 2010-, окончательные) https://www.eia.gov/electricity/data/state/xls/861/HS861%202010-.xlsx"
Kentucky,2024,12.79,Кентукки,1.1,final,"EIA-861 (HS861 2010-, окончательные) https://www.eia.gov/electricity/data/state/xls/861/HS861%202010-.xlsx"
Kentucky,2025,13.24,Кентукки,3.5,preliminary,"EIA-861M (HS861M 2010-, сумма 12 месяцев, предварительно) https://www.eia.gov/electricity/data/state/xls/861m/HS861M%202010-.xlsx"
Maryland,2019,13.12,Мэриленд,,final,"EIA-861 (HS861 2010-, окончательные) https://www.eia.gov/electricity/data/state/xls/861/HS861%202010-.xlsx"
Maryland,2020,13.01,Мэриленд,-0.8,final,"EIA-861 (HS861 2010-, окончательные) https://www.eia.gov/electricity/data/state/xls/861/HS861%202010-.xlsx"
Maryland,2021,13.12,Мэриленд,0.8,final,"EIA-861 (HS861 2010-, окончательные) https://www.eia.gov/electricity/data/state/xls/861/HS861%202010-.xlsx"
Maryland,2022,14.46,Мэриленд,10.2,final,"EIA-861 (HS861 2010-, окончательные) https://www.eia.gov/electricity/data/state/xls/861/HS861%202010-.xlsx"
Maryland,2023,16.6,Мэриленд,14.8,final,"EIA-861 (HS861 2010-, окончательные) https://www.eia.gov/electricity/data/state/xls/861/HS861%202010-.xlsx"
Maryland,2024,17.86,Мэриленд,7.6,final,"EIA-861 (HS861 2010-, окончательные) https://www.eia.gov/electricity/data/state/xls/861/HS861%202010-.xlsx"
Maryland,2025,19.48,Мэриленд,9.1,preliminary,"EIA-861M (HS861M 2010-, сумма 12 месяцев, предварительно) https://www.eia.gov/electricity/data/state/xls/861m/HS861M%202010-.xlsx"
Michigan,2019,15.74,Мичиган,,final,"EIA-861 (HS861 2010-, окончательные) https://www.eia.gov/electricity/data/state/xls/861/HS861%202010-.xlsx"
Michigan,2020,16.26,Мичиган,3.3,final,"EIA-861 (HS861 2010-, окончательные) https://www.eia.gov/electricity/data/state/xls/861/HS861%202010-.xlsx"
Michigan,2021,17.54,Мичиган,7.9,final,"EIA-861 (HS861 2010-, окончательные) https://www.eia.gov/electricity/data/state/xls/861/HS861%202010-.xlsx"
Michigan,2022,17.86,Мичиган,1.8,final,"EIA-861 (HS861 2010-, окончательные) https://www.eia.gov/electricity/data/state/xls/861/HS861%202010-.xlsx"
Michigan,2023,18.84,Мичиган,5.5,final,"EIA-861 (HS861 2010-, окончательные) https://www.eia.gov/electricity/data/state/xls/861/HS861%202010-.xlsx"
Michigan,2024,19.3,Мичиган,2.4,final,"EIA-861 (HS861 2010-, окончательные) https://www.eia.gov/electricity/data/state/xls/861/HS861%202010-.xlsx"
Michigan,2025,20.01,Мичиган,3.7,preliminary,"EIA-861M (HS861M 2010-, сумма 12 месяцев, предварительно) https://www.eia.gov/electricity/data/state/xls/861m/HS861M%202010-.xlsx"
New Jersey,2019,15.85,Нью-Джерси,,final,"EIA-861 (HS861 2010-, окончательные) https://www.eia.gov/electricity/data/state/xls/861/HS861%202010-.xlsx"
New Jersey,2020,16.03,Нью-Джерси,1.1,final,"EIA-861 (HS861 2010-, окончательные) https://www.eia.gov/electricity/data/state/xls/861/HS861%202010-.xlsx"
New Jersey,2021,16.35,Нью-Джерси,2.0,final,"EIA-861 (HS861 2010-, окончательные) https://www.eia.gov/electricity/data/state/xls/861/HS861%202010-.xlsx"
New Jersey,2022,16.74,Нью-Джерси,2.4,final,"EIA-861 (HS861 2010-, окончательные) https://www.eia.gov/electricity/data/state/xls/861/HS861%202010-.xlsx"
New Jersey,2023,17.7,Нью-Джерси,5.7,final,"EIA-861 (HS861 2010-, окончательные) https://www.eia.gov/electricity/data/state/xls/861/HS861%202010-.xlsx"
New Jersey,2024,19.34,Нью-Джерси,9.3,final,"EIA-861 (HS861 2010-, окончательные) https://www.eia.gov/electricity/data/state/xls/861/HS861%202010-.xlsx"
New Jersey,2025,22.63,Нью-Джерси,17.0,preliminary,"EIA-861M (HS861M 2010-, сумма 12 месяцев, предварительно) https://www.eia.gov/electricity/data/state/xls/861m/HS861M%202010-.xlsx"
North Carolina,2019,11.42,Северная Каролина,,final,"EIA-861 (HS861 2010-, окончательные) https://www.eia.gov/electricity/data/state/xls/861/HS861%202010-.xlsx"
North Carolina,2020,11.38,Северная Каролина,-0.4,final,"EIA-861 (HS861 2010-, окончательные) https://www.eia.gov/electricity/data/state/xls/861/HS861%202010-.xlsx"
North Carolina,2021,11.32,Северная Каролина,-0.5,final,"EIA-861 (HS861 2010-, окончательные) https://www.eia.gov/electricity/data/state/xls/861/HS861%202010-.xlsx"
North Carolina,2022,11.62,Северная Каролина,2.7,final,"EIA-861 (HS861 2010-, окончательные) https://www.eia.gov/electricity/data/state/xls/861/HS861%202010-.xlsx"
North Carolina,2023,12.93,Северная Каролина,11.3,final,"EIA-861 (HS861 2010-, окончательные) https://www.eia.gov/electricity/data/state/xls/861/HS861%202010-.xlsx"
North Carolina,2024,14.13,Северная Каролина,9.3,final,"EIA-861 (HS861 2010-, окончательные) https://www.eia.gov/electricity/data/state/xls/861/HS861%202010-.xlsx"
North Carolina,2025,14.02,Северная Каролина,-0.8,preliminary,"EIA-861M (HS861M 2010-, сумма 12 месяцев, предварительно) https://www.eia.gov/electricity/data/state/xls/861m/HS861M%202010-.xlsx"
Ohio,2019,12.38,Огайо,,final,"EIA-861 (HS861 2010-, окончательные) https://www.eia.gov/electricity/data/state/xls/861/HS861%202010-.xlsx"
Ohio,2020,12.29,Огайо,-0.7,final,"EIA-861 (HS861 2010-, окончательные) https://www.eia.gov/electricity/data/state/xls/861/HS861%202010-.xlsx"
Ohio,2021,12.77,Огайо,3.9,final,"EIA-861 (HS861 2010-, окончательные) https://www.eia.gov/electricity/data/state/xls/861/HS861%202010-.xlsx"
Ohio,2022,13.85,Огайо,8.5,final,"EIA-861 (HS861 2010-, окончательные) https://www.eia.gov/electricity/data/state/xls/861/HS861%202010-.xlsx"
Ohio,2023,15.38,Огайо,11.0,final,"EIA-861 (HS861 2010-, окончательные) https://www.eia.gov/electricity/data/state/xls/861/HS861%202010-.xlsx"
Ohio,2024,15.99,Огайо,4.0,final,"EIA-861 (HS861 2010-, окончательные) https://www.eia.gov/electricity/data/state/xls/861/HS861%202010-.xlsx"
Ohio,2025,16.96,Огайо,6.1,preliminary,"EIA-861M (HS861M 2010-, сумма 12 месяцев, предварительно) https://www.eia.gov/electricity/data/state/xls/861m/HS861M%202010-.xlsx"
Pennsylvania,2019,13.8,Пенсильвания,,final,"EIA-861 (HS861 2010-, окончательные) https://www.eia.gov/electricity/data/state/xls/861/HS861%202010-.xlsx"
Pennsylvania,2020,13.58,Пенсильвания,-1.6,final,"EIA-861 (HS861 2010-, окончательные) https://www.eia.gov/electricity/data/state/xls/861/HS861%202010-.xlsx"
Pennsylvania,2021,13.76,Пенсильвания,1.3,final,"EIA-861 (HS861 2010-, окончательные) https://www.eia.gov/electricity/data/state/xls/861/HS861%202010-.xlsx"
Pennsylvania,2022,15.94,Пенсильвания,15.8,final,"EIA-861 (HS861 2010-, окончательные) https://www.eia.gov/electricity/data/state/xls/861/HS861%202010-.xlsx"
Pennsylvania,2023,18.1,Пенсильвания,13.6,final,"EIA-861 (HS861 2010-, окончательные) https://www.eia.gov/electricity/data/state/xls/861/HS861%202010-.xlsx"
Pennsylvania,2024,17.77,Пенсильвания,-1.8,final,"EIA-861 (HS861 2010-, окончательные) https://www.eia.gov/electricity/data/state/xls/861/HS861%202010-.xlsx"
Pennsylvania,2025,19.3,Пенсильвания,8.6,preliminary,"EIA-861M (HS861M 2010-, сумма 12 месяцев, предварительно) https://www.eia.gov/electricity/data/state/xls/861m/HS861M%202010-.xlsx"
Tennessee,2019,10.87,Теннесси,,final,"EIA-861 (HS861 2010-, окончательные) https://www.eia.gov/electricity/data/state/xls/861/HS861%202010-.xlsx"
Tennessee,2020,10.76,Теннесси,-1.0,final,"EIA-861 (HS861 2010-, окончательные) https://www.eia.gov/electricity/data/state/xls/861/HS861%202010-.xlsx"
Tennessee,2021,11.07,Теннесси,2.9,final,"EIA-861 (HS861 2010-, окончательные) https://www.eia.gov/electricity/data/state/xls/861/HS861%202010-.xlsx"
Tennessee,2022,12.25,Теннесси,10.7,final,"EIA-861 (HS861 2010-, окончательные) https://www.eia.gov/electricity/data/state/xls/861/HS861%202010-.xlsx"
Tennessee,2023,12.19,Теннесси,-0.5,final,"EIA-861 (HS861 2010-, окончательные) https://www.eia.gov/electricity/data/state/xls/861/HS861%202010-.xlsx"
Tennessee,2024,12.42,Теннесси,1.9,final,"EIA-861 (HS861 2010-, окончательные) https://www.eia.gov/electricity/data/state/xls/861/HS861%202010-.xlsx"
Tennessee,2025,13.18,Теннесси,6.1,preliminary,"EIA-861M (HS861M 2010-, сумма 12 месяцев, предварительно) https://www.eia.gov/electricity/data/state/xls/861m/HS861M%202010-.xlsx"
Virginia,2019,12.07,Вирджиния,,final,"EIA-861 (HS861 2010-, окончательные) https://www.eia.gov/electricity/data/state/xls/861/HS861%202010-.xlsx"
Virginia,2020,12.03,Вирджиния,-0.3,final,"EIA-861 (HS861 2010-, окончательные) https://www.eia.gov/electricity/data/state/xls/861/HS861%202010-.xlsx"
Virginia,2021,11.96,Вирджиния,-0.6,final,"EIA-861 (HS861 2010-, окончательные) https://www.eia.gov/electricity/data/state/xls/861/HS861%202010-.xlsx"
Virginia,2022,13.34,Вирджиния,11.5,final,"EIA-861 (HS861 2010-, окончательные) https://www.eia.gov/electricity/data/state/xls/861/HS861%202010-.xlsx"
Virginia,2023,14.26,Вирджиния,6.9,final,"EIA-861 (HS861 2010-, окончательные) https://www.eia.gov/electricity/data/state/xls/861/HS861%202010-.xlsx"
Virginia,2024,14.41,Вирджиния,1.1,final,"EIA-861 (HS861 2010-, окончательные) https://www.eia.gov/electricity/data/state/xls/861/HS861%202010-.xlsx"
Virginia,2025,15.28,Вирджиния,6.0,preliminary,"EIA-861M (HS861M 2010-, сумма 12 месяцев, предварительно) https://www.eia.gov/electricity/data/state/xls/861m/HS861M%202010-.xlsx"
West Virginia,2019,11.25,Западная Вирджиния,,final,"EIA-861 (HS861 2010-, окончательные) https://www.eia.gov/electricity/data/state/xls/861/HS861%202010-.xlsx"
West Virginia,2020,11.8,Западная Вирджиния,4.9,final,"EIA-861 (HS861 2010-, окончательные) https://www.eia.gov/electricity/data/state/xls/861/HS861%202010-.xlsx"
West Virginia,2021,12.15,Западная Вирджиния,3.0,final,"EIA-861 (HS861 2010-, окончательные) https://www.eia.gov/electricity/data/state/xls/861/HS861%202010-.xlsx"
West Virginia,2022,13.23,Западная Вирджиния,8.9,final,"EIA-861 (HS861 2010-, окончательные) https://www.eia.gov/electricity/data/state/xls/861/HS861%202010-.xlsx"
West Virginia,2023,14.05,Западная Вирджиния,6.2,final,"EIA-861 (HS861 2010-, окончательные) https://www.eia.gov/electricity/data/state/xls/861/HS861%202010-.xlsx"
West Virginia,2024,15.07,Западная Вирджиния,7.3,final,"EIA-861 (HS861 2010-, окончательные) https://www.eia.gov/electricity/data/state/xls/861/HS861%202010-.xlsx"
West Virginia,2025,15.41,Западная Вирджиния,2.3,preliminary,"EIA-861M (HS861M 2010-, сумма 12 месяцев, предварительно) https://www.eia.gov/electricity/data/state/xls/861m/HS861M%202010-.xlsx"
District of Columbia,2019,12.98,округ Колумбия,,final,"EIA-861 (HS861 2010-, окончательные) https://www.eia.gov/electricity/data/state/xls/861/HS861%202010-.xlsx"
District of Columbia,2020,12.63,округ Колумбия,-2.7,final,"EIA-861 (HS861 2010-, окончательные) https://www.eia.gov/electricity/data/state/xls/861/HS861%202010-.xlsx"
District of Columbia,2021,13.09,округ Колумбия,3.6,final,"EIA-861 (HS861 2010-, окончательные) https://www.eia.gov/electricity/data/state/xls/861/HS861%202010-.xlsx"
District of Columbia,2022,14.18,округ Колумбия,8.3,final,"EIA-861 (HS861 2010-, окончательные) https://www.eia.gov/electricity/data/state/xls/861/HS861%202010-.xlsx"
District of Columbia,2023,16.45,округ Колумбия,16.0,final,"EIA-861 (HS861 2010-, окончательные) https://www.eia.gov/electricity/data/state/xls/861/HS861%202010-.xlsx"
District of Columbia,2024,17.71,округ Колумбия,7.7,final,"EIA-861 (HS861 2010-, окончательные) https://www.eia.gov/electricity/data/state/xls/861/HS861%202010-.xlsx"
District of Columbia,2025,21.94,округ Колумбия,23.9,preliminary,"EIA-861M (HS861M 2010-, сумма 12 месяцев, предварительно) https://www.eia.gov/electricity/data/state/xls/861m/HS861M%202010-.xlsx"
United States,2019,13.01,США,,final,"EIA-861 (HS861 2010-, окончательные) https://www.eia.gov/electricity/data/state/xls/861/HS861%202010-.xlsx"
United States,2020,13.15,США,1.1,final,"EIA-861 (HS861 2010-, окончательные) https://www.eia.gov/electricity/data/state/xls/861/HS861%202010-.xlsx"
United States,2021,13.66,США,3.9,final,"EIA-861 (HS861 2010-, окончательные) https://www.eia.gov/electricity/data/state/xls/861/HS861%202010-.xlsx"
United States,2022,15.04,США,10.1,final,"EIA-861 (HS861 2010-, окончательные) https://www.eia.gov/electricity/data/state/xls/861/HS861%202010-.xlsx"
United States,2023,16,США,6.4,final,"EIA-861 (HS861 2010-, окончательные) https://www.eia.gov/electricity/data/state/xls/861/HS861%202010-.xlsx"
United States,2024,16.48,США,3.0,final,"EIA-861 (HS861 2010-, окончательные) https://www.eia.gov/electricity/data/state/xls/861/HS861%202010-.xlsx"
United States,2025,17.3,США,5.0,preliminary,"EIA-861M (HS861M 2010-, сумма 12 месяцев, предварительно) https://www.eia.gov/electricity/data/state/xls/861m/HS861M%202010-.xlsx"
