date,sites_operating,facility_gw,it_gw,h100e_mln,us_facility_gw,tag
2023-03-31,2,0.152,0.127,0.0293077311773623,0.152,оценка Epoch
2023-06-30,3,0.262,0.214,0.0911571500757958,0.262,оценка Epoch
2023-09-30,5,0.43,0.34,0.1573367080848913,0.43,оценка Epoch
2023-12-31,5,0.43,0.34,0.1573367080848913,0.43,оценка Epoch
2024-03-31,8,0.603,0.473,0.2406616196563921,0.603,оценка Epoch
2024-06-30,13,1.105,0.874,0.4644460562405254,1.105,оценка Epoch
2024-09-30,16,1.657,1.32,0.7220003766043456,1.657,оценка Epoch
2024-12-31,21,2.4,1.901,1.1253971081354217,2.282,оценка Epoch
2025-03-31,25,3.246,2.57432971,1.4736649201616978,2.991,оценка Epoch
2025-06-30,30,4.6275,3.70542971,2.478917409336309,4.288,оценка Epoch
2025-09-30,38,5.5671,4.42632971,3.4459159439497498,4.865,оценка Epoch
2025-12-31,45,8.2841,6.53132971,5.735148177783577,7.329,оценка Epoch
2026-03-31,52,10.2890767898,8.109127417,7.337284539077158,8.7672,оценка Epoch
2026-06-30,67,15.4405879392,12.068288238,12.021142748981152,13.6208,оценка Epoch
2026-09-30,73,17.2998981344,13.526209806,14.0468284516001,15.2028,план/прогноз Epoch
2026-12-31,82,21.389948329600003,16.608531374,18.95168547087667,18.1793,план/прогноз Epoch
2027-03-31,84,24.4344483296,18.867531374,22.398106891003305,21.2238,план/прогноз Epoch
2027-06-30,86,25.6314483296,19.752531374,23.847688801058894,22.3868,план/прогноз Epoch
2027-09-30,88,27.9678483296,21.610531374,27.17431588544495,23.9372,план/прогноз Epoch
2027-12-31,88,31.2849483296,24.099531374,34.10554949625317,27.0413,план/прогноз Epoch
2028-03-31,89,38.0305483296,29.297631374,44.088120428419934,32.4643,план/прогноз Epoch
2028-06-30,89,40.492548329600005,31.300631374,49.78162472351847,34.8933,план/прогноз Epoch
2028-09-30,89,41.4545483296,32.089631374,50.94334933190655,35.8553,план/прогноз Epoch
2028-12-31,93,48.3755483296,37.006631374,65.72354134807634,42.776300000000006,план/прогноз Epoch
2029-03-31,93,48.5755483296,37.138631374000006,65.88309311631319,42.9763,план/прогноз Epoch
2029-06-30,93,48.5755483296,37.138631374000006,65.88309311631319,42.9763,план/прогноз Epoch
2029-09-30,93,48.5755483296,37.138631374000006,65.88309311631319,42.9763,план/прогноз Epoch
2029-12-31,93,48.5755483296,37.138631374000006,65.88309311631319,42.9763,план/прогноз Epoch
