month,incidents_aiid_by_event_date,incidents_aiid_by_added_date,aiid_event_date_completeness_est,releases_notable,releases_notable_language_multimodal,releases_frontier,releases_large_scale_gt1e23,incomplete_note
2022-11,18,31,1.0,13,6,0,1,
2022-12,10,26,1.0,6,2,0,1,
2023-01,13,17,1.0,7,1,0,1,
2023-02,31,29,1.0,5,2,0,6,
2023-03,17,21,0.998,13,6,1,10,
2023-04,8,27,0.998,5,2,1,5,
2023-05,18,12,0.996,11,11,1,2,
2023-06,16,10,0.994,6,4,1,8,
2023-07,8,8,0.994,10,5,1,15,
2023-08,10,0,0.992,5,2,0,12,
2023-09,6,5,0.99,7,4,2,12,
2023-10,18,21,0.99,12,7,0,13,
2023-11,10,27,0.987,23,19,2,25,
2023-12,22,8,0.987,15,13,1,12,
2024-01,16,10,0.985,4,3,1,7,
2024-02,26,13,0.985,7,5,1,19,
2024-03,20,13,0.985,8,7,1,12,
2024-04,34,17,0.981,3,3,1,19,
2024-05,25,25,0.977,8,5,1,15,
2024-06,26,37,0.971,8,7,2,16,
2024-07,25,21,0.969,8,8,1,11,
2024-08,24,14,0.956,7,6,3,8,
2024-09,28,33,0.952,13,11,0,20,
2024-10,34,26,0.942,11,7,0,15,
2024-11,18,19,0.933,8,6,1,5,
2024-12,26,29,0.925,13,9,0,20,
2025-01,32,33,0.923,10,8,1,12,
2025-02,47,42,0.914,4,4,2,14,
2025-03,44,48,0.914,10,9,2,20,
2025-04,47,41,0.904,6,5,1,34,
2025-05,34,42,0.902,7,5,0,17,
2025-06,44,35,0.889,4,3,0,16,AIID event-date series incomplete (~89% expected in base)
2025-07,39,31,0.873,10,9,1,11,AIID event-date series incomplete (~87% expected in base); Epoch large-scale/1e25 series incomplete (compute estimates lag)
2025-08,35,41,0.86,11,9,0,11,AIID event-date series incomplete (~86% expected in base); Epoch large-scale/1e25 series incomplete (compute estimates lag)
2025-09,17,21,0.848,8,7,0,9,AIID event-date series incomplete (~85% expected in base); Epoch large-scale/1e25 series incomplete (compute estimates lag)
2025-10,41,38,0.833,6,5,0,9,AIID event-date series incomplete (~83% expected in base); Epoch large-scale/1e25 series incomplete (compute estimates lag); mit_* monthly columns: snapshot MIT classification covers incident ids <=1509 only
2025-11,28,38,0.823,19,16,0,4,AIID event-date series incomplete (~82% expected in base); Epoch large-scale/1e25 series incomplete (compute estimates lag); mit_* monthly columns: snapshot MIT classification covers incident ids <=1509 only
2025-12,44,33,0.806,12,10,0,8,AIID event-date series incomplete (~81% expected in base); Epoch large-scale/1e25 series incomplete (compute estimates lag); mit_* monthly columns: snapshot MIT classification covers incident ids <=1509 only
2026-01,38,36,0.787,1,1,0,0,AIID event-date series incomplete (~79% expected in base); Epoch large-scale/1e25 series incomplete (compute estimates lag); Epoch notable may be incomplete; mit_* monthly columns: snapshot MIT classification covers incident ids <=1509 only
2026-02,30,33,0.764,9,8,0,7,AIID event-date series incomplete (~76% expected in base); Epoch large-scale/1e25 series incomplete (compute estimates lag); Epoch notable may be incomplete; mit_* monthly columns: snapshot MIT classification covers incident ids <=1509 only
2026-03,27,44,0.745,9,9,0,2,AIID event-date series incomplete (~75% expected in base); Epoch large-scale/1e25 series incomplete (compute estimates lag); Epoch notable may be incomplete; mit_* monthly columns: snapshot MIT classification covers incident ids <=1509 only
2026-04,25,32,0.712,17,15,0,11,AIID event-date series incomplete (~71% expected in base); Epoch large-scale/1e25 series incomplete (compute estimates lag); Epoch notable may be incomplete; mit_* monthly columns: snapshot MIT classification covers incident ids <=1509 only
2026-05,35,41,0.691,6,5,0,1,AIID event-date series incomplete (~69% expected in base); Epoch large-scale/1e25 series incomplete (compute estimates lag); Epoch notable may be incomplete; mit_* monthly columns: snapshot MIT classification covers incident ids <=1509 only
2026-06,21,54,0.618,9,8,0,4,AIID event-date series incomplete (~62% expected in base); Epoch large-scale/1e25 series incomplete (compute estimates lag); Epoch notable may be incomplete; mit_* monthly columns: snapshot MIT classification covers incident ids <=1509 only
2026-07,32,55,0.543,7,7,0,4,AIID event-date series incomplete (~54% expected in base); Epoch large-scale/1e25 series incomplete (compute estimates lag); Epoch notable may be incomplete; mit_* monthly columns: snapshot MIT classification covers incident ids <=1509 only
2026-08,12,49,0.43,8,8,0,3,AIID event-date series incomplete (~43% expected in base); Epoch large-scale/1e25 series incomplete (compute estimates lag); Epoch notable may be incomplete; mit_* monthly columns: snapshot MIT classification covers incident ids <=1509 only
