observation_date,CUUR0000SEEE01
1997-12-01,1119.000
1998-01-01,1083.900
1998-02-01,1022.100
1998-03-01,992.100
1998-04-01,969.100
1998-05-01,925.200
1998-06-01,895.300
1998-07-01,841.700
1998-08-01,796.000
1998-09-01,766.300
1998-10-01,755.800
1998-11-01,734.200
1998-12-01,718.500
1999-01-01,686.900
1999-02-01,668.400
1999-03-01,645.100
1999-04-01,636.100
1999-05-01,623.500
1999-06-01,610.300
1999-07-01,591.500
1999-08-01,569.900
1999-09-01,556.700
1999-10-01,538.900
1999-11-01,525.800
1999-12-01,528.100
2000-01-01,518.900
2000-02-01,504.900
2000-03-01,494.600
2000-04-01,477.500
2000-05-01,474.900
2000-06-01,460.600
2000-07-01,450.900
2000-08-01,441.600
2000-09-01,435.400
2000-10-01,429.100
2000-11-01,417.500
2000-12-01,407.900
2001-01-01,391.200
2001-02-01,378.900
2001-03-01,362.700
2001-04-01,355.000
2001-05-01,340.500
2001-06-01,333.500
2001-07-01,328.000
2001-08-01,311.400
2001-09-01,299.300
2001-10-01,295.700
2001-11-01,288.700
2001-12-01,282.900
2002-01-01,275.800
2002-02-01,266.900
2002-03-01,259.000
2002-04-01,256.500
2002-05-01,257.500
2002-06-01,252.700
2002-07-01,249.800
2002-08-01,246.100
2002-09-01,236.300
2002-10-01,231.300
2002-11-01,223.900
2002-12-01,220.700
2003-01-01,217.800
2003-02-01,213.200
2003-03-01,212.200
2003-04-01,209.400
2003-05-01,201.500
2003-06-01,195.700
2003-07-01,192.300
2003-08-01,186.800
2003-09-01,182.800
2003-10-01,184.300
2003-11-01,182.500
2003-12-01,181.100
2004-01-01,181.000
2004-02-01,179.400
2004-03-01,177.100
2004-04-01,177.900
2004-05-01,176.200
2004-06-01,173.500
2004-07-01,171.100
2004-08-01,169.400
2004-09-01,168.200
2004-10-01,163.300
2004-11-01,158.400
2004-12-01,155.700
2005-01-01,156.300
2005-02-01,151.500
2005-03-01,150.500
2005-04-01,149.900
2005-05-01,147.600
2005-06-01,145.000
2005-07-01,142.900
2005-08-01,139.000
2005-09-01,137.700
2005-10-01,136.400
2005-11-01,133.900
2005-12-01,131.100
2006-01-01,129.400
2006-02-01,128.700
2006-03-01,127.900
2006-04-01,124.600
2006-05-01,121.300
2006-06-01,119.600
2006-07-01,118.700
2006-08-01,118.700
2006-09-01,117.200
2006-10-01,116.000
2006-11-01,115.200
2006-12-01,115.800
2007-01-01,114.797
2007-02-01,113.852
2007-03-01,114.035
2007-04-01,113.827
2007-05-01,111.582
2007-06-01,108.550
2007-07-01,107.439
2007-08-01,106.575
2007-09-01,105.806
2007-10-01,104.336
2007-11-01,100.104
2007-12-01,100.000
2008-01-01,100.998
2008-02-01,100.545
2008-03-01,100.359
2008-04-01,98.853
2008-05-01,97.028
2008-06-01,95.663
2008-07-01,94.711
2008-08-01,92.921
2008-09-01,90.797
2008-10-01,89.945
2008-11-01,88.984
2008-12-01,88.529
2009-01-01,88.522
2009-02-01,87.696
2009-03-01,86.213
2009-04-01,85.714
2009-05-01,84.366
2009-06-01,83.476
2009-07-01,80.838
2009-08-01,78.576
2009-09-01,77.997
2009-10-01,78.213
2009-11-01,78.077
2009-12-01,77.960
2010-01-01,78.323
2010-02-01,77.961
2010-03-01,78.385
2010-04-01,78.234
2010-05-01,76.676
2010-06-01,75.751
2010-07-01,75.912
2010-08-01,75.798
2010-09-01,75.570
2010-10-01,75.385
2010-11-01,74.969
2010-12-01,73.559
2011-01-01,72.947
2011-02-01,72.709
2011-03-01,72.073
2011-04-01,72.010
2011-05-01,70.898
2011-06-01,69.125
2011-07-01,68.788
2011-08-01,66.753
2011-09-01,65.796
2011-10-01,65.511
2011-11-01,65.849
2011-12-01,64.348
2012-01-01,64.356
2012-02-01,64.686
2012-03-01,64.086
2012-04-01,63.401
2012-05-01,63.409
2012-06-01,63.562
2012-07-01,62.956
2012-08-01,61.803
2012-09-01,60.949
2012-10-01,60.421
2012-11-01,59.609
2012-12-01,58.764
2013-01-01,58.869
2013-02-01,58.910
2013-03-01,58.626
2013-04-01,58.133
2013-05-01,57.527
2013-06-01,57.012
2013-07-01,56.281
2013-08-01,55.607
2013-09-01,55.590
2013-10-01,55.077
2013-11-01,54.601
2013-12-01,54.869
2014-01-01,54.611
2014-02-01,54.440
2014-03-01,54.377
2014-04-01,54.483
2014-05-01,53.790
2014-06-01,53.396
2014-07-01,52.890
2014-08-01,51.797
2014-09-01,51.151
2014-10-01,50.930
2014-11-01,50.212
2014-12-01,49.089
2015-01-01,48.913
2015-02-01,49.111
2015-03-01,48.772
2015-04-01,49.047
2015-05-01,48.667
2015-06-01,48.164
2015-07-01,47.892
2015-08-01,47.132
2015-09-01,47.359
2015-10-01,47.094
2015-11-01,46.716
2015-12-01,45.997
2016-01-01,45.424
2016-02-01,45.249
2016-03-01,45.269
2016-04-01,45.282
2016-05-01,44.853
2016-06-01,44.496
2016-07-01,44.205
2016-08-01,43.917
2016-09-01,43.770
2016-10-01,43.721
2016-11-01,43.576
2016-12-01,43.377
2017-01-01,43.475
2017-02-01,43.369
2017-03-01,42.818
2017-04-01,42.896
2017-05-01,42.361
2017-06-01,42.561
2017-07-01,42.973
2017-08-01,42.451
2017-09-01,42.190
2017-10-01,42.284
2017-11-01,42.040
2017-12-01,41.353
2018-01-01,41.455
2018-02-01,41.278
2018-03-01,41.249
2018-04-01,41.424
2018-05-01,41.370
2018-06-01,40.986
2018-07-01,40.230
2018-08-01,40.575
2018-09-01,41.092
2018-10-01,40.573
2018-11-01,39.841
2018-12-01,40.110
2019-01-01,40.044
2019-02-01,39.649
2019-03-01,39.889
2019-04-01,39.603
2019-05-01,39.339
2019-06-01,38.586
2019-07-01,39.745
2019-08-01,40.056
2019-09-01,39.730
2019-10-01,38.938
2019-11-01,38.868
2019-12-01,38.001
2020-01-01,37.728
2020-02-01,38.247
2020-03-01,38.706
2020-04-01,39.015
2020-05-01,38.629
2020-06-01,38.778
2020-07-01,38.686
2020-08-01,38.866
2020-09-01,37.459
2020-10-01,37.201
2020-11-01,37.964
2020-12-01,38.315
2021-01-01,38.316
2021-02-01,38.204
2021-03-01,37.453
2021-04-01,39.358
2021-05-01,39.611
2021-06-01,39.662
2021-07-01,40.135
2021-08-01,40.184
2021-09-01,40.649
2021-10-01,40.310
2021-11-01,39.780
2021-12-01,39.401
2022-01-01,39.651
2022-02-01,39.958
2022-03-01,40.302
2022-04-01,39.446
2022-05-01,38.909
2022-06-01,39.421
2022-07-01,38.719
2022-08-01,38.469
2022-09-01,39.175
2022-10-01,39.076
2022-11-01,38.020
2022-12-01,37.115
2023-01-01,37.210
2023-02-01,37.712
2023-03-01,37.957
2023-04-01,37.449
2023-05-01,37.289
2023-06-01,37.357
2023-07-01,36.820
2023-08-01,36.529
2023-09-01,37.146
2023-10-01,36.845
2023-11-01,36.258
2023-12-01,35.773
2024-01-01,36.441
2024-02-01,36.695
2024-03-01,36.528
2024-04-01,36.865
2024-05-01,36.476
2024-06-01,35.778
2024-07-01,35.929
2024-08-01,35.792
2024-09-01,35.406
2024-10-01,34.849
2024-11-01,34.259
2024-12-01,33.942
2025-01-01,34.237
2025-02-01,34.477
2025-03-01,34.547
2025-04-01,34.805
2025-05-01,35.202
2025-06-01,35.685
2025-07-01,35.273
2025-08-01,35.064
2025-09-01,35.141
2025-10-01,
2025-11-01,34.184
2025-12-01,33.730
2026-01-01,34.773
2026-02-01,34.782
2026-03-01,35.293
2026-04-01,35.601
2026-05-01,35.662
2026-06-01,35.406
2026-07-01,36.641
2026-08-01,38.020
